geocode,legal_description,total_market_land,last_modified,property_address,sub_category,subdivision,owners,land_value,building_value,yoY_difference,building_details,other_building_details,market_land_details
03-0927-07-4-01-02-0000,"C.B.H. INDUSTRIAL PARK SUBD, S07, T01 S, R26 E, BLOCK 1, Lot 11A1, SUB AMD   100318 SQ FT  (08)",2.303,10/6/2023 1:55:41 AM,,Commercial Property,C.B.H. INDUSTRIAL PARK SUBD,"[{'': '3322 37TH ST W', 'Ownership %:': '100', 'Primary Owner:': '""Yes""', 'Interest Type:': 'Fee Simple', 'Last Modified:': '4/30/2019 12:06:37 PM'}]",1712191,2222209,196247,"[{}, {}, {}, {'Building Number': '1', 'Building Name': '', 'Structure Type': '374 - Multi-purpose, Retail, multi-occupancy'}, {'Units/Building': '1', 'Identical Units': '1'}, {'Grade': 'G', 'Year Built': '2007', 'Year Remodeled': '0'}, {'Class Code': '3507', 'Effective Year': '0', 'Percent Complete': '0'}, {}, {'Level From': '01', 'Level To': '01', 'Use Type': '034 - Retail'}, {}, {'Area': '22,512', 'Use SK Area': '1', 'Perimeter': '806', 'Wall Height': '14'}, {'Area': '22,512', 'Use SK Area': '1'}, {'Perimeter': '806', 'Wall Height': '14'}, {}, {'Exterior Wall Desc': '01 - Brick or Stone', 'Construction': '1-Wood Frame/Joist/Beam', 'Economic Life': '40', '% Interior Finished': '100', 'Partitions': '2-Normal', 'Heat Type': '1-Hot Air', 'AC Type': '1-Central', 'Plumbing': '2-Normal', 'Physical Condition': '3-Normal', 'Functional Utility': '3-Normal'}, {'Exterior Wall Desc': '01 - Brick or Stone', 'Construction': '1-Wood Frame/Joist/Beam', 'Economic Life': '40'}, {'% Interior Finished': '100', 'Partitions': '2-Normal', 'Heat Type': '1-Hot Air'}, {'AC Type': '1-Central', 'Plumbing': '2-Normal'}, {'Physical Condition': '3-Normal', 'Functional Utility': '3-Normal'}, {}, {}, {}, {}, {}, {}]","[{'Type': 'Commercial', 'Description': 'CPA1 - Paving, asphalt'}, {'Quantity': '1', 'Year Built': '2007', 'Grade': 'A'}, {'Condition': '', 'Functional': '4-Good', 'Class Code': '3507'}, {}, {'Width/Diameter': '\xa0', 'Length': ' \xa0', 'Size/Area': '56675'}, {'Height': '\xa0', 'Bushels': ' \xa0', 'Circumference': ' \xa0'}, {}, {}, {'Type': 'Commercial', 'Description': 'CPA2 - Paving, concrete, 4""'}, {'Quantity': '1', 'Year Built': '2007', 'Grade': 'A'}, {'Condition': '', 'Functional': '4-Good', 'Class Code': '3507'}, {}, {'Width/Diameter': '\xa0', 'Length': ' \xa0', 'Size/Area': '6180'}, {'Height': '\xa0', 'Bushels': ' \xa0', 'Circumference': ' \xa0'}]","[{'Method': 'Sqft', 'Type': 'Category 4'}, {'Width': ' \xa0 ', 'Depth': ' \xa0 '}, {'Square Feet': '100,318', 'Acres': ' \xa0 '}, {}, {'Class Code': '2207', 'Value': '1712191'}]"
03-0927-07-4-01-11-0000,"C.B.H. INDUSTRIAL PARK SUBD, S07, T01 S, R26 E, BLOCK 1, Lot 11A2, SUB AMD   56413 SQ FT   (08)",1.341,10/6/2023 1:55:41 AM,,Commercial Property,C.B.H. INDUSTRIAL PARK SUBD,"[{'': '825 N 27TH ST', 'Ownership %:': '100', 'Primary Owner:': '""Yes""', 'Interest Type:': 'Fee Simple', 'Last Modified:': '5/25/2008 11:32:16 AM'}]",424551,695349,-36400,"[{}, {}, {}, {'Building Number': '1', 'Building Name': 'PERKINS', 'Structure Type': '321 - Restaurant, use w/031 Restaurant Use Type ONLY'}, {'Units/Building': '1', 'Identical Units': '1'}, {'Grade': 'G', 'Year Built': '1985', 'Year Remodeled': '0'}, {'Class Code': '3507', 'Effective Year': '0', 'Percent Complete': '0'}, {}, {'Level From': '01', 'Level To': '01', 'Use Type': '031 - Restaurant'}, {}, {'Area': '5,484', 'Use SK Area': '1', 'Perimeter': '326', 'Wall Height': '10'}, {'Area': '5,484', 'Use SK Area': '1'}, {'Perimeter': '326', 'Wall Height': '10'}, {}, {'Exterior Wall Desc': '01 - Brick or Stone', 'Construction': '1-Wood Frame/Joist/Beam', 'Economic Life': '35', '% Interior Finished': '100', 'Partitions': '2-Normal', 'Heat Type': '1-Hot Air', 'AC Type': '1-Central', 'Plumbing': '2-Normal', 'Physical Condition': '3-Normal', 'Functional Utility': '3-Normal'}, {'Exterior Wall Desc': '01 - Brick or Stone', 'Construction': '1-Wood Frame/Joist/Beam', 'Economic Life': '35'}, {'% Interior Finished': '100', 'Partitions': '2-Normal', 'Heat Type': '1-Hot Air'}, {'AC Type': '1-Central', 'Plumbing': '2-Normal'}, {'Physical Condition': '3-Normal', 'Functional Utility': '3-Normal'}, {}, {}, {}, {}, {}, {}]","[{'Type': 'Commercial', 'Description': 'CRFV - Fence, vinyl (commercial)'}, {'Quantity': '1', 'Year Built': '1992', 'Grade': 'A'}, {'Condition': '', 'Functional': '3-Normal', 'Class Code': '3507'}, {}, {'Width/Diameter': '\xa0', 'Length': '32', 'Size/Area': ' \xa0'}, {'Height': '6', 'Bushels': ' \xa0', 'Circumference': ' \xa0'}, {}, {}, {'Type': 'Commercial', 'Description': 'CRF2 - Fence, picket (commercial)'}, {'Quantity': '1', 'Year Built': '1992', 'Grade': 'A'}, {'Condition': '', 'Functional': '3-Normal', 'Class Code': '3507'}, {}, {'Width/Diameter': '\xa0', 'Length': '50', 'Size/Area': ' \xa0'}, {'Height': '6', 'Bushels': ' \xa0', 'Circumference': ' \xa0'}, {}, {}, {'Type': 'Commercial', 'Description': 'CPA1 - Paving, asphalt'}, {'Quantity': '1', 'Year Built': '1985', 'Grade': 'A'}, {'Condition': '', 'Functional': '3-Normal', 'Class Code': '3507'}, {}, {'Width/Diameter': '\xa0', 'Length': ' \xa0', 'Size/Area': '19200'}, {'Height': '\xa0', 'Bushels': ' \xa0', 'Circumference': ' \xa0'}, {}, {}, {'Type': 'Commercial', 'Description': 'CPA2 - Paving, concrete, 4""'}, {'Quantity': '1', 'Year Built': '1985', 'Grade': 'A'}, {'Condition': '', 'Functional': '3-Normal', 'Class Code': '3507'}, {}, {'Width/Diameter': '\xa0', 'Length': ' \xa0', 'Size/Area': '2152'}, {'Height': '\xa0', 'Bushels': ' \xa0', 'Circumference': ' \xa0'}, {}, {}, {'Type': 'Commercial', 'Description': 'CRS1 - Utility Building, frame'}, {'Quantity': '1', 'Year Built': '1992', 'Grade': 'A'}, {'Condition': '', 'Functional': '3-Normal', 'Class Code': '3507'}, {}, {'Width/Diameter': '8', 'Length': '12', 'Size/Area': '96'}, {'Height': '\xa0', 'Bushels': ' \xa0', 'Circumference': ' \xa0'}, {}, {}, {'Type': 'Commercial', 'Description': 'CLT3 - Light, fluorescent, pole & bracket'}, {'Quantity': '2', 'Year Built': '1985', 'Grade': 'A'}, {'Condition': '', 'Functional': '3-Normal', 'Class Code': '3507'}, {}, {'Width/Diameter': '\xa0', 'Length': ' \xa0', 'Size/Area': '1'}, {'Height': '\xa0', 'Bushels': ' \xa0', 'Circumference': ' \xa0'}]","[{'Method': 'Sqft', 'Type': 'Primary Site'}, {'Width': ' \xa0 ', 'Depth': ' \xa0 '}, {'Square Feet': '58,413', 'Acres': ' \xa0 '}, {}, {'Class Code': '2207', 'Value': '424551'}]"
03-0927-07-4-01-03-0000,"C.B.H. INDUSTRIAL PARK SUBD, S07, T01 S, R26 E, BLOCK 1, Lot 10",2.144,10/6/2023 1:55:41 AM,,Commercial Property,C.B.H. INDUSTRIAL PARK SUBD,"[{'': '710 CARBON ST', 'Ownership %:': '100', 'Primary Owner:': '""Yes""', 'Interest Type:': 'Conversion', 'Last Modified:': '8/19/2019 1:32:09 PM'}]",659864,1102536,73300,"[{}, {}, {}, {}, {'Building Number': '1', 'Building Name': '', 'Structure Type': '373 - Multi-purpose, Retail, single occupancy'}, {'Units/Building': '1', 'Identical Units': '1'}, {'Grade': 'F', 'Year Built': '1994', 'Year Remodeled': '2008'}, {'Class Code': '3507', 'Effective Year': '0', 'Percent Complete': '0'}, {}, {'Level From': '01', 'Level To': '01', 'Use Type': '083 - Multi-Use Sales'}, {}, {'Area': '15,000', 'Use SK Area': '1', 'Perimeter': '500', 'Wall Height': '18'}, {'Area': '15,000', 'Use SK Area': '1'}, {'Perimeter': '500', 'Wall Height': '18'}, {}, {'Exterior Wall Desc': '07 - Metal, light', 'Construction': '4-Pre-engineered Steel', 'Economic Life': '40', '% Interior Finished': '100', 'Partitions': '2-Normal', 'Heat Type': '1-Hot Air', 'AC Type': '1-Central', 'Plumbing': '2-Normal', 'Physical Condition': '3-Normal', 'Functional Utility': '3-Normal'}, {'Exterior Wall Desc': '07 - Metal, light', 'Construction': '4-Pre-engineered Steel', 'Economic Life': '40'}, {'% Interior Finished': '100', 'Partitions': '2-Normal', 'Heat Type': '1-Hot Air'}, {'AC Type': '1-Central', 'Plumbing': '2-Normal'}, {'Physical Condition': '3-Normal', 'Functional Utility': '3-Normal'}, {}, {}, {}, {}, {}, {}, {}, {}]","[{'Type': 'Commercial', 'Description': 'CPA2 - Paving, concrete, 4""'}, {'Quantity': '1', 'Year Built': '1995', 'Grade': 'A'}, {'Condition': '', 'Functional': '3-Normal', 'Class Code': '3507'}, {}, {'Width/Diameter': '\xa0', 'Length': ' \xa0', 'Size/Area': '861'}, {'Height': '\xa0', 'Bushels': ' \xa0', 'Circumference': ' \xa0'}, {}, {}, {'Type': 'Commercial', 'Description': 'CPA1 - Paving, asphalt'}, {'Quantity': '1', 'Year Built': '1995', 'Grade': 'A'}, {'Condition': '', 'Functional': '3-Normal', 'Class Code': '3507'}, {}, {'Width/Diameter': '\xa0', 'Length': ' \xa0', 'Size/Area': '20100'}, {'Height': '\xa0', 'Bushels': ' \xa0', 'Circumference': ' \xa0'}, {}, {}, {'Type': 'Commercial', 'Description': 'CPA2 - Paving, concrete, 4""'}, {'Quantity': '1', 'Year Built': '2002', 'Grade': 'A'}, {'Condition': '', 'Functional': '3-Normal', 'Class Code': '3507'}, {}, {'Width/Diameter': '\xa0', 'Length': ' \xa0', 'Size/Area': '1741'}, {'Height': '\xa0', 'Bushels': ' \xa0', 'Circumference': ' \xa0'}, {}, {}, {'Type': 'Commercial', 'Description': 'CPA1 - Paving, asphalt'}, {'Quantity': '1', 'Year Built': '2002', 'Grade': 'A'}, {'Condition': '', 'Functional': '3-Normal', 'Class Code': '3507'}, {}, {'Width/Diameter': '\xa0', 'Length': ' \xa0', 'Size/Area': '42200'}, {'Height': '\xa0', 'Bushels': ' \xa0', 'Circumference': ' \xa0'}, {}, {}, {'Type': 'Commercial', 'Description': 'CLT4 - Light, incandescent, pole & bracket'}, {'Quantity': '2', 'Year Built': '1994', 'Grade': 'A'}, {'Condition': '', 'Functional': '3-Normal', 'Class Code': '3507'}, {}, {'Width/Diameter': '\xa0', 'Length': ' \xa0', 'Size/Area': ' \xa0'}, {'Height': '\xa0', 'Bushels': ' \xa0', 'Circumference': ' \xa0'}, {}, {}, {'Type': 'Commercial', 'Description': 'CRF1 - Fence, chain link (commercial)'}, {'Quantity': '1', 'Year Built': '1994', 'Grade': 'A'}, {'Condition': '', 'Functional': '3-Normal', 'Class Code': '3507'}, {}, {'Width/Diameter': '\xa0', 'Length': '64', 'Size/Area': ' \xa0'}, {'Height': '4', 'Bushels': ' \xa0', 'Circumference': ' \xa0'}]","[{'Method': 'Sqft', 'Type': 'Primary Site'}, {'Width': ' \xa0 ', 'Depth': ' \xa0 '}, {'Square Feet': '93,381', 'Acres': ' \xa0 '}, {}, {'Class Code': '2207', 'Value': '659864'}]"
03-0926-04-2-19-02-0000,"C.H.LUND SUBD, S04, T01 S, R25 E, BLOCK 1, Lot 2, ACRES 0.88",0.880,10/6/2023 1:55:41 AM,,Residential Property,C.H.LUND SUBD,"[{'': '1115 56TH ST W', 'Ownership %:': '100', 'Primary Owner:': '""Yes""', 'Interest Type:': 'Joint Tenant w/Right of Survivorship', 'Last Modified:': '9/25/2012 9:08:40 AM'}]",107301,347699,95000,[],"[{'Type': 'Residential', 'Description': 'AAP1 - Pole Frame Bldg, 4 sides closed, metal'}, {'Quantity': '1', 'Year Built': '2008', 'Grade': 'A'}, {'Condition': '', 'Functional': '', 'Class Code': '3301'}, {}, {'Width/Diameter': '32', 'Length': '52', 'Size/Area': ' \xa0'}, {'Height': '\xa0', 'Bushels': ' \xa0', 'Circumference': ' \xa0'}, {}, {}, {'Type': 'Residential', 'Description': 'RPA2 - Concrete'}, {'Quantity': '1', 'Year Built': '1977', 'Grade': 'A'}, {'Condition': '', 'Functional': '', 'Class Code': '3301'}, {}, {'Width/Diameter': '\xa0', 'Length': ' \xa0', 'Size/Area': '1140'}, {'Height': '\xa0', 'Bushels': ' \xa0', 'Circumference': ' \xa0'}, {}, {}, {'Type': 'Residential', 'Description': 'RPA2 - Concrete'}, {'Quantity': '1', 'Year Built': '2005', 'Grade': 'A'}, {'Condition': '', 'Functional': '', 'Class Code': '3301'}, {}, {'Width/Diameter': '15', 'Length': '30', 'Size/Area': '450'}, {'Height': '\xa0', 'Bushels': ' \xa0', 'Circumference': ' \xa0'}, {}, {}, {'Type': 'Residential', 'Description': 'RRS1 - Shed, Frame'}, {'Quantity': '1', 'Year Built': '1992', 'Grade': 'A'}, {'Condition': '', 'Functional': '', 'Class Code': '3301'}, {}, {'Width/Diameter': '12', 'Length': '12', 'Size/Area': '144'}, {'Height': '\xa0', 'Bushels': ' \xa0', 'Circumference': ' \xa0'}]","[{'Method': 'Acre', 'Type': 'Primary Site'}, {'Width': ' \xa0 ', 'Depth': ' \xa0 '}, {'Square Feet': '00', 'Acres': '0.88'}, {}, {'Class Code': '2101', 'Value': '107301'}]"
03-0926-04-2-19-03-0000,"C.H.LUND SUBD, S04, T01 S, R25 E, BLOCK 1, Lot 1, ACRES 0.959",0.959,10/6/2023 1:55:41 AM,,Residential Property,C.H.LUND SUBD,"[{'': '1165 56TH ST W', 'Ownership %:': '100', 'Primary Owner:': '""Yes""', 'Interest Type:': 'Fee Simple', 'Last Modified:': '2/3/2020 5:04:43 PM'}]",111629,482471,98200,[],"[{'Type': 'Residential', 'Description': 'RPA2 - Concrete'}, {'Quantity': '1', 'Year Built': '1997', 'Grade': 'A'}, {'Condition': '', 'Functional': '', 'Class Code': '3301'}, {}, {'Width/Diameter': '\xa0', 'Length': ' \xa0', 'Size/Area': '713'}, {'Height': '\xa0', 'Bushels': ' \xa0', 'Circumference': ' \xa0'}, {}, {}, {'Type': 'Residential', 'Description': 'RPA2 - Concrete'}, {'Quantity': '1', 'Year Built': '1997', 'Grade': 'A'}, {'Condition': '', 'Functional': '', 'Class Code': '3301'}, {}, {'Width/Diameter': '25', 'Length': '28', 'Size/Area': '700'}, {'Height': '\xa0', 'Bushels': ' \xa0', 'Circumference': ' \xa0'}, {}, {}, {'Type': 'Residential', 'Description': 'AAP1 - Pole Frame Bldg, 4 sides closed, metal'}, {'Quantity': '1', 'Year Built': '1997', 'Grade': 'A'}, {'Condition': '', 'Functional': '', 'Class Code': '3301'}, {}, {'Width/Diameter': '36', 'Length': '36', 'Size/Area': '1296'}, {'Height': '\xa0', 'Bushels': ' \xa0', 'Circumference': ' \xa0'}]","[{'Method': 'Acre', 'Type': 'Primary Site'}, {'Width': ' \xa0 ', 'Depth': ' \xa0 '}, {'Square Feet': '00', 'Acres': '0.959'}, {}, {'Class Code': '2101', 'Value': '111629'}]"
03-1032-33-2-16-06-7001,"3 I'S, S33, T01 N, R25 E, UNIT 1, 33.33% COMMON AREA INTEREST, LOC @ TR A COS 2479",0.864,10/6/2023 1:55:41 AM,,Residential Property,3 I'S PATIO HOMES (06),"[{'': '2621 WESTFIELD DR', 'Ownership %:': '100', 'Primary Owner:': '""Yes""', 'Interest Type:': 'Joint Tenant w/Right of Survivorship', 'Last Modified:': '8/1/2023 3:49:18 PM'}]",212751,994849,109400,[],"[{'Type': 'Residential', 'Description': 'RRG2 - Garage masonry, detached, finished'}, {'Quantity': '1', 'Year Built': '2007', 'Grade': '8'}, {'Condition': '', 'Functional': '', 'Class Code': '3501'}, {}, {'Width/Diameter': '28', 'Length': '48', 'Size/Area': '1344'}, {'Height': '\xa0', 'Bushels': ' \xa0', 'Circumference': ' \xa0'}, {}, {}, {'Type': 'Residential', 'Description': 'RRT4 - Deck, stone/tile w/concrete base'}, {'Quantity': '1', 'Year Built': '2007', 'Grade': 'G'}, {'Condition': '', 'Functional': '', 'Class Code': '3501'}, {}, {'Width/Diameter': '\xa0', 'Length': ' \xa0', 'Size/Area': '1116'}, {'Height': '\xa0', 'Bushels': ' \xa0', 'Circumference': ' \xa0'}, {}, {}, {'Type': 'Residential', 'Description': 'RBQ1 - Barbecue, outdoor, brick/stone'}, {'Quantity': '1', 'Year Built': '2007', 'Grade': 'G'}, {'Condition': '', 'Functional': '', 'Class Code': '3501'}, {}, {'Width/Diameter': '\xa0', 'Length': ' \xa0', 'Size/Area': ' \xa0'}, {'Height': '\xa0', 'Bushels': ' \xa0', 'Circumference': ' \xa0'}, {}, {}, {'Type': 'Residential', 'Description': 'RPA2 - Concrete'}, {'Quantity': '1', 'Year Built': '2007', 'Grade': 'A'}, {'Condition': '', 'Functional': '', 'Class Code': '3501'}, {}, {'Width/Diameter': '\xa0', 'Length': ' \xa0', 'Size/Area': '5892'}, {'Height': '\xa0', 'Bushels': ' \xa0', 'Circumference': ' \xa0'}, {}, {}, {'Type': 'Residential', 'Description': 'RRZ1 - Gazebo'}, {'Quantity': '1', 'Year Built': '2007', 'Grade': 'G'}, {'Condition': '', 'Functional': '', 'Class Code': '3501'}, {}, {'Width/Diameter': '20', 'Length': '28', 'Size/Area': '560'}, {'Height': '\xa0', 'Bushels': ' \xa0', 'Circumference': ' \xa0'}]","[{'Method': 'Sqft', 'Type': 'Primary Site'}, {'Width': ' \xa0 ', 'Depth': ' \xa0 '}, {'Square Feet': '37,652', 'Acres': ' \xa0 '}, {}, {'Class Code': '2201', 'Value': '185810'}]"
03-1032-33-2-16-06-7002,"3 I'S, S33, T01 N, R25 E, UNIT 2, 33.33% COMMON AREA INTEREST, LOC @ TR A COS 2479",0.864,10/6/2023 1:55:41 AM,,Residential Property,3 I'S PATIO HOMES (06),"[{'': '2617 WESTFIELD DR', 'Ownership %:': '100', 'Primary Owner:': '""Yes""', 'Interest Type:': 'Fee Simple', 'Last Modified:': '1/6/2009 2:48:02 PM'}]",212751,1133249,124100,[],"[{'Type': 'Residential', 'Description': 'RRP3 - Pool, concrete, residential'}, {'Quantity': '1', 'Year Built': '2010', 'Grade': 'G'}, {'Condition': '', 'Functional': '', 'Class Code': '3501'}, {}, {'Width/Diameter': '16', 'Length': '43', 'Size/Area': ' \xa0'}, {'Height': '\xa0', 'Bushels': ' \xa0', 'Circumference': ' \xa0'}, {}, {}, {'Type': 'Residential', 'Description': 'RRG2 - Garage masonry, detached, finished'}, {'Quantity': '1', 'Year Built': '2010', 'Grade': '8'}, {'Condition': '', 'Functional': '', 'Class Code': '3501'}, {}, {'Width/Diameter': '28', 'Length': '41', 'Size/Area': '1148'}, {'Height': '\xa0', 'Bushels': ' \xa0', 'Circumference': ' \xa0'}, {}, {}, {'Type': 'Residential', 'Description': 'RBQ1 - Barbecue, outdoor, brick/stone'}, {'Quantity': '1', 'Year Built': '2010', 'Grade': 'G'}, {'Condition': '', 'Functional': '', 'Class Code': '3501'}, {}, {'Width/Diameter': '\xa0', 'Length': ' \xa0', 'Size/Area': ' \xa0'}, {'Height': '\xa0', 'Bushels': ' \xa0', 'Circumference': ' \xa0'}, {}, {}, {'Type': 'Residential', 'Description': 'RRT4 - Deck, stone/tile w/concrete base'}, {'Quantity': '1', 'Year Built': '2010', 'Grade': 'G'}, {'Condition': '', 'Functional': '', 'Class Code': '3501'}, {}, {'Width/Diameter': '14', 'Length': '20', 'Size/Area': '280'}, {'Height': '\xa0', 'Bushels': ' \xa0', 'Circumference': ' \xa0'}, {}, {}, {'Type': 'Residential', 'Description': 'RRS3 - Shed, residential, masonry'}, {'Quantity': '1', 'Year Built': '2010', 'Grade': 'G'}, {'Condition': '', 'Functional': '', 'Class Code': '3501'}, {}, {'Width/Diameter': '10', 'Length': '16', 'Size/Area': '160'}, {'Height': '\xa0', 'Bushels': ' \xa0', 'Circumference': ' \xa0'}, {}, {}, {'Type': 'Residential', 'Description': 'RPA2 - Concrete'}, {'Quantity': '1', 'Year Built': '2008', 'Grade': 'G'}, {'Condition': '', 'Functional': '', 'Class Code': '3501'}, {}, {'Width/Diameter': '\xa0', 'Length': ' \xa0', 'Size/Area': '939'}, {'Height': '\xa0', 'Bushels': ' \xa0', 'Circumference': ' \xa0'}, {}, {}, {'Type': 'Residential', 'Description': 'RPA2 - Concrete'}, {'Quantity': '1', 'Year Built': '2008', 'Grade': 'A'}, {'Condition': '', 'Functional': '', 'Class Code': '3501'}, {}, {'Width/Diameter': '\xa0', 'Length': ' \xa0', 'Size/Area': '1050'}, {'Height': '\xa0', 'Bushels': ' \xa0', 'Circumference': ' \xa0'}]","[{'Method': 'Sqft', 'Type': 'Primary Site'}, {'Width': ' \xa0 ', 'Depth': ' \xa0 '}, {'Square Feet': '37,652', 'Acres': ' \xa0 '}, {}, {'Class Code': '2201', 'Value': '185810'}]"
03-1032-33-2-16-06-7000,"3 I'S, S33, T01 N, R25 E, MASTERCARD   (06) LOC @ TR A COS 2479",0.295,10/6/2023 1:55:41 AM,,Condo/Townhouse Master,3 I'S PATIO HOMES (06),"[{'': '8 VAN GOGH WAY', 'Ownership %:': '100', 'Primary Owner:': '""Yes""', 'Interest Type:': 'Conversion', 'Last Modified:': '11/6/2007 9:25:03 PM'}]",81640,0,15268,[],[{}],"[{'Method': 'Sqft', 'Type': 'Primary Site'}, {'Width': ' \xa0 ', 'Depth': ' \xa0 '}, {'Square Feet': '12,841', 'Acres': ' \xa0 '}, {}, {'Class Code': '2201', 'Value': '81640'}]"
03-1032-33-2-16-06-7003,"3 I'S, S33, T01 N, R25 E, UNIT 3, 33.34% COMMON AREA INTEREST, LOC @ TR A COS 2479",0.897,10/6/2023 1:55:41 AM,,Residential Property,3 I'S PATIO HOMES (06),"[{'': '2613 WESTFIELD DR', 'Ownership %:': '100', 'Primary Owner:': '""Yes""', 'Interest Type:': 'Conversion', 'Last Modified:': '8/27/2008 11:00:20 AM'}]",217591,1080509,187400,[],"[{'Type': 'Residential', 'Description': 'RPA2 - Concrete'}, {'Quantity': '1', 'Year Built': '2008', 'Grade': 'G'}, {'Condition': '', 'Functional': '', 'Class Code': '3501'}, {}, {'Width/Diameter': '\xa0', 'Length': ' \xa0', 'Size/Area': '3061'}, {'Height': '\xa0', 'Bushels': ' \xa0', 'Circumference': ' \xa0'}, {}, {}, {'Type': 'Residential', 'Description': 'RPA2 - Concrete'}, {'Quantity': '1', 'Year Built': '2008', 'Grade': 'G'}, {'Condition': '', 'Functional': '', 'Class Code': '3501'}, {}, {'Width/Diameter': '16', 'Length': '26', 'Size/Area': '416'}, {'Height': '\xa0', 'Bushels': ' \xa0', 'Circumference': ' \xa0'}, {}, {}, {'Type': 'Residential', 'Description': 'RPA2 - Concrete'}, {'Quantity': '1', 'Year Built': '2008', 'Grade': 'G'}, {'Condition': '', 'Functional': '', 'Class Code': '3501'}, {}, {'Width/Diameter': '10', 'Length': '23', 'Size/Area': '230'}, {'Height': '\xa0', 'Bushels': ' \xa0', 'Circumference': ' \xa0'}, {}, {}, {'Type': 'Residential', 'Description': 'RRG3 - Garage, frame, detached, unfinished'}, {'Quantity': '1', 'Year Built': '2007', 'Grade': '7'}, {'Condition': '', 'Functional': '', 'Class Code': '3501'}, {}, {'Width/Diameter': '16', 'Length': '28', 'Size/Area': '448'}, {'Height': '\xa0', 'Bushels': ' \xa0', 'Circumference': ' \xa0'}, {}, {}, {'Type': 'Residential', 'Description': 'RBQ1 - Barbecue, outdoor, brick/stone'}, {'Quantity': '1', 'Year Built': '2008', 'Grade': 'G'}, {'Condition': '', 'Functional': '', 'Class Code': '3501'}, {}, {'Width/Diameter': '\xa0', 'Length': ' \xa0', 'Size/Area': ' \xa0'}, {'Height': '\xa0', 'Bushels': ' \xa0', 'Circumference': ' \xa0'}, {}, {}, {'Type': 'Residential', 'Description': 'RRP2 - Pool, fiberglass, residential'}, {'Quantity': '1', 'Year Built': '2012', 'Grade': 'A'}, {'Condition': '', 'Functional': '', 'Class Code': '3501'}, {}, {'Width/Diameter': '12', 'Length': '20', 'Size/Area': ' \xa0'}, {'Height': '\xa0', 'Bushels': ' \xa0', 'Circumference': ' \xa0'}]","[{'Method': 'Sqft', 'Type': 'Primary Site'}, {'Width': ' \xa0 ', 'Depth': ' \xa0 '}, {'Square Feet': '39,094', 'Acres': ' \xa0 '}, {}, {'Class Code': '2201', 'Value': '189833'}]"
03-1033-21-1-10-34-7000,"49ER CONDO PHASE II, S21, T01 N, R26 E, MASTER CARD LOC @ LT 10 BLK 1B EAGLES NEST SUB AMD",0.298,10/6/2023 1:55:41 AM,,Condo/Townhouse Master,49ER CONDO PHASE II,"[{'': '201 PROSPECTORS LN', 'Ownership %:': '100', 'Primary Owner:': '""Yes""', 'Interest Type:': 'Conversion', 'Last Modified:': '11/6/2007 9:25:03 PM'}]",100318,0,29167,[],[{}],"[{'Method': 'Sqft', 'Type': 'Primary Site'}, {'Width': ' \xa0 ', 'Depth': ' \xa0 '}, {'Square Feet': '12,972', 'Acres': ' \xa0 '}, {}, {'Class Code': '2201', 'Value': '100318'}]"
03-1033-21-1-10-34-7001,"49ER CONDO PHASE II, S21, T01 N, R26 E, UNIT 201, 25% COMMON AREA INTEREST, LOC @ LT 10 BLK 1B EAGLES NEST SUB AMD",0.033,10/6/2023 1:55:41 AM,,Residential Property,49ER CONDO PHASE II,"[{'': '3791 HIGHWAY 5 W', 'Ownership %:': '100', 'Primary Owner:': '""Yes""', 'Interest Type:': 'Fee Simple', 'Last Modified:': '6/26/2014 10:21:34 AM'}]",49182,154818,69800,[],"[{'Type': 'Residential', 'Description': 'RPA2 - Concrete'}, {'Quantity': '1', 'Year Built': '1986', 'Grade': 'A'}, {'Condition': '', 'Functional': '', 'Class Code': '3501'}, {}, {'Width/Diameter': '12', 'Length': '45', 'Size/Area': '540'}, {'Height': '\xa0', 'Bushels': ' \xa0', 'Circumference': ' \xa0'}, {}, {}, {'Type': 'Residential', 'Description': 'RRG3 - Garage, frame, detached, unfinished'}, {'Quantity': '1', 'Year Built': '1986', 'Grade': '5'}, {'Condition': '', 'Functional': '', 'Class Code': '3501'}, {}, {'Width/Diameter': '12', 'Length': '28', 'Size/Area': ' \xa0'}, {'Height': '\xa0', 'Bushels': ' \xa0', 'Circumference': ' \xa0'}, {}, {}, {'Type': 'Residential', 'Description': 'RPA2 - Concrete'}, {'Quantity': '1', 'Year Built': '1986', 'Grade': 'A'}, {'Condition': '', 'Functional': '', 'Class Code': '3501'}, {}, {'Width/Diameter': '7', 'Length': '6', 'Size/Area': ' \xa0'}, {'Height': '\xa0', 'Bushels': ' \xa0', 'Circumference': ' \xa0'}]","[{'Method': 'Sqft', 'Type': 'Primary Site'}, {'Width': ' \xa0 ', 'Depth': ' \xa0 '}, {'Square Feet': '1,416', 'Acres': ' \xa0 '}, {}, {'Class Code': '2201', 'Value': '24102'}]"
03-1033-21-1-10-34-7002,"49ER CONDO PHASE II, S21, T01 N, R26 E, UNIT 203, 25% COMMON AREA INTEREST, LOC @ LT 10 BLK 1B EAGLES NEST SUB AMD",0.033,10/6/2023 1:55:41 AM,,Residential Property,49ER CONDO PHASE II,"[{'': '3791 HIGHWAY 5 W', 'Ownership %:': '100', 'Primary Owner:': '""Yes""', 'Interest Type:': 'Fee Simple', 'Last Modified:': '6/26/2014 10:21:34 AM'}]",49182,154818,69800,[],"[{'Type': 'Residential', 'Description': 'RPA2 - Concrete'}, {'Quantity': '1', 'Year Built': '1986', 'Grade': 'A'}, {'Condition': '', 'Functional': '', 'Class Code': '3501'}, {}, {'Width/Diameter': '12', 'Length': '45', 'Size/Area': '540'}, {'Height': '\xa0', 'Bushels': ' \xa0', 'Circumference': ' \xa0'}, {}, {}, {'Type': 'Residential', 'Description': 'RRG3 - Garage, frame, detached, unfinished'}, {'Quantity': '1', 'Year Built': '1986', 'Grade': '5'}, {'Condition': '', 'Functional': '', 'Class Code': '3501'}, {}, {'Width/Diameter': '12', 'Length': '28', 'Size/Area': ' \xa0'}, {'Height': '\xa0', 'Bushels': ' \xa0', 'Circumference': ' \xa0'}, {}, {}, {'Type': 'Residential', 'Description': 'RPA2 - Concrete'}, {'Quantity': '1', 'Year Built': '1986', 'Grade': 'A'}, {'Condition': '', 'Functional': '', 'Class Code': '3501'}, {}, {'Width/Diameter': '7', 'Length': '6', 'Size/Area': ' \xa0'}, {'Height': '\xa0', 'Bushels': ' \xa0', 'Circumference': ' \xa0'}]","[{'Method': 'Sqft', 'Type': 'Primary Site'}, {'Width': ' \xa0 ', 'Depth': ' \xa0 '}, {'Square Feet': '1,416', 'Acres': ' \xa0 '}, {}, {'Class Code': '2201', 'Value': '24102'}]"
03-1033-21-1-10-34-7004,"49ER CONDO PHASE II, S21, T01 N, R26 E, UNIT 207, 25% COMMON AREA INTEREST, LOC @ LT 10 BLK 1B EAGLES NEST SUB AMD",0.033,10/6/2023 1:55:41 AM,,Residential Property,49ER CONDO PHASE II,"[{'': '3791 HIGHWAY 5 W', 'Ownership %:': '100', 'Primary Owner:': '""Yes""', 'Interest Type:': 'Fee Simple', 'Last Modified:': '6/26/2014 10:21:34 AM'}]",49182,154818,69800,[],"[{'Type': 'Residential', 'Description': 'RPA2 - Concrete'}, {'Quantity': '1', 'Year Built': '1986', 'Grade': 'A'}, {'Condition': '', 'Functional': '', 'Class Code': '3501'}, {}, {'Width/Diameter': '12', 'Length': '45', 'Size/Area': '540'}, {'Height': '\xa0', 'Bushels': ' \xa0', 'Circumference': ' \xa0'}, {}, {}, {'Type': 'Residential', 'Description': 'RRG3 - Garage, frame, detached, unfinished'}, {'Quantity': '1', 'Year Built': '1986', 'Grade': '5'}, {'Condition': '', 'Functional': '', 'Class Code': '3501'}, {}, {'Width/Diameter': '12', 'Length': '28', 'Size/Area': ' \xa0'}, {'Height': '\xa0', 'Bushels': ' \xa0', 'Circumference': ' \xa0'}, {}, {}, {'Type': 'Residential', 'Description': 'RPA2 - Concrete'}, {'Quantity': '1', 'Year Built': '1986', 'Grade': 'A'}, {'Condition': '', 'Functional': '', 'Class Code': '3501'}, {}, {'Width/Diameter': '5', 'Length': '6', 'Size/Area': ' \xa0'}, {'Height': '\xa0', 'Bushels': ' \xa0', 'Circumference': ' \xa0'}]","[{'Method': 'Sqft', 'Type': 'Primary Site'}, {'Width': ' \xa0 ', 'Depth': ' \xa0 '}, {'Square Feet': '1,416', 'Acres': ' \xa0 '}, {}, {'Class Code': '2201', 'Value': '24102'}]"
03-1033-21-1-10-34-7003,"49ER CONDO PHASE II, S21, T01 N, R26 E, UNIT 205, 25% COMMON AREA INTEREST, LOC @ LT 10 BLK 1B EAGLES NEST SUB AMD",0.033,10/6/2023 1:55:41 AM,,Residential Property,49ER CONDO PHASE II,"[{'': '3791 HIGHWAY 5 W', 'Ownership %:': '100', 'Primary Owner:': '""Yes""', 'Interest Type:': 'Joint Tenant w/Right of Survivorship', 'Last Modified:': '6/25/2013 12:52:01 PM'}]",49182,154818,69800,[],"[{'Type': 'Residential', 'Description': 'RPA2 - Concrete'}, {'Quantity': '1', 'Year Built': '1986', 'Grade': 'A'}, {'Condition': '', 'Functional': '', 'Class Code': '3501'}, {}, {'Width/Diameter': '12', 'Length': '45', 'Size/Area': '540'}, {'Height': '\xa0', 'Bushels': ' \xa0', 'Circumference': ' \xa0'}, {}, {}, {'Type': 'Residential', 'Description': 'RRG3 - Garage, frame, detached, unfinished'}, {'Quantity': '1', 'Year Built': '1986', 'Grade': '5'}, {'Condition': '', 'Functional': '', 'Class Code': '3501'}, {}, {'Width/Diameter': '12', 'Length': '28', 'Size/Area': ' \xa0'}, {'Height': '\xa0', 'Bushels': ' \xa0', 'Circumference': ' \xa0'}, {}, {}, {'Type': 'Residential', 'Description': 'RPA2 - Concrete'}, {'Quantity': '1', 'Year Built': '1986', 'Grade': 'A'}, {'Condition': '', 'Functional': '', 'Class Code': '3501'}, {}, {'Width/Diameter': '7', 'Length': '6', 'Size/Area': ' \xa0'}, {'Height': '\xa0', 'Bushels': ' \xa0', 'Circumference': ' \xa0'}]","[{'Method': 'Sqft', 'Type': 'Primary Site'}, {'Width': ' \xa0 ', 'Depth': ' \xa0 '}, {'Square Feet': '1,416', 'Acres': ' \xa0 '}, {}, {'Class Code': '2201', 'Value': '24102'}]"
03-0926-03-2-09-18-0000,"ALDINGER ACRES SUBD 3RD FILING, S03, T01 S, R25 E, BLOCK 3, Lot 9",0.481,10/6/2023 1:55:41 AM,,Residential Property,ALDINGER ACRES SUBD 3RD FILING,"[{'': '4610 S WOODHAVEN WAY', 'Ownership %:': '100', 'Primary Owner:': '""Yes""', 'Interest Type:': 'Conversion', 'Last Modified:': '11/6/2007 9:25:03 PM'}]",81270,423130,111600,[],"[{'Type': 'Residential', 'Description': 'RPA2 - Concrete'}, {'Quantity': '1', 'Year Built': '1993', 'Grade': 'A'}, {'Condition': '', 'Functional': '', 'Class Code': '3301'}, {}, {'Width/Diameter': '\xa0', 'Length': ' \xa0', 'Size/Area': '2379'}, {'Height': '\xa0', 'Bushels': ' \xa0', 'Circumference': ' \xa0'}]","[{'Method': 'Acre', 'Type': 'Primary Site'}, {'Width': ' \xa0 ', 'Depth': ' \xa0 '}, {'Square Feet': '00', 'Acres': '0.481'}, {}, {'Class Code': '2101', 'Value': '81270'}]"
03-0926-03-2-09-10-0000,"ALDINGER ACRES SUBD 3RD FILING, S03, T01 S, R25 E, BLOCK 3, Lot 5",0.461,10/6/2023 1:55:41 AM,,Residential Property,ALDINGER ACRES SUBD 3RD FILING,"[{'': '4642 S WOODHAVEN WAY', 'Ownership %:': '100', 'Primary Owner:': '""Yes""', 'Interest Type:': 'Conversion', 'Last Modified:': '11/6/2007 9:25:03 PM'}]",79697,343103,73200,[],"[{'Type': 'Residential', 'Description': 'RPA2 - Concrete'}, {'Quantity': '1', 'Year Built': '1993', 'Grade': 'A'}, {'Condition': '', 'Functional': '', 'Class Code': '3301'}, {}, {'Width/Diameter': '\xa0', 'Length': ' \xa0', 'Size/Area': '1295'}, {'Height': '\xa0', 'Bushels': ' \xa0', 'Circumference': ' \xa0'}, {}, {}, {'Type': 'Residential', 'Description': 'RPA2 - Concrete'}, {'Quantity': '1', 'Year Built': '1993', 'Grade': 'A'}, {'Condition': '', 'Functional': '', 'Class Code': '3301'}, {}, {'Width/Diameter': '9', 'Length': '12', 'Size/Area': '108'}, {'Height': '\xa0', 'Bushels': ' \xa0', 'Circumference': ' \xa0'}]","[{'Method': 'Acre', 'Type': 'Primary Site'}, {'Width': ' \xa0 ', 'Depth': ' \xa0 '}, {'Square Feet': '00', 'Acres': '0.461'}, {}, {'Class Code': '2101', 'Value': '79697'}]"
03-0926-03-2-10-24-0000,"ALDINGER ACRES SUBD 3RD FILING, S03, T01 S, R25 E, BLOCK 2, Lot 12",0.465,10/6/2023 1:55:41 AM,,Residential Property,ALDINGER ACRES SUBD 3RD FILING,"[{'': '4719 S WOODHAVEN WAY', 'Ownership %:': '100', 'Primary Owner:': '""Yes""', 'Interest Type:': 'Joint Tenant w/Right of Survivorship', 'Last Modified:': '12/19/2017 4:52:22 PM'}]",80015,404385,92700,[],"[{'Type': 'Residential', 'Description': 'RPA1 - Asphalt'}, {'Quantity': '1', 'Year Built': '2016', 'Grade': 'A'}, {'Condition': '', 'Functional': '', 'Class Code': '3301'}, {}, {'Width/Diameter': '10', 'Length': '55', 'Size/Area': '550'}, {'Height': '\xa0', 'Bushels': ' \xa0', 'Circumference': ' \xa0'}, {}, {}, {'Type': 'Residential', 'Description': 'RPA2 - Concrete'}, {'Quantity': '1', 'Year Built': '1994', 'Grade': 'A'}, {'Condition': '', 'Functional': '', 'Class Code': '3301'}, {}, {'Width/Diameter': '22', 'Length': '49', 'Size/Area': '1078'}, {'Height': '\xa0', 'Bushels': ' \xa0', 'Circumference': ' \xa0'}, {}, {}, {'Type': 'Residential', 'Description': 'RRS1 - Shed, Frame'}, {'Quantity': '1', 'Year Built': '2000', 'Grade': 'A'}, {'Condition': '', 'Functional': '', 'Class Code': '3301'}, {}, {'Width/Diameter': '10', 'Length': '20', 'Size/Area': '200'}, {'Height': '\xa0', 'Bushels': ' \xa0', 'Circumference': ' \xa0'}]","[{'Method': 'Acre', 'Type': 'Primary Site'}, {'Width': ' \xa0 ', 'Depth': ' \xa0 '}, {'Square Feet': '00', 'Acres': '0.465'}, {}, {'Class Code': '2101', 'Value': '80015'}]"
03-0926-03-2-10-28-0000,"ALDINGER ACRES SUBD 3RD FILING, S03, T01 S, R25 E, BLOCK 2, Lot 14",0.460,10/6/2023 1:55:41 AM,,Residential Property,ALDINGER ACRES SUBD 3RD FILING,"[{'': '4737 S WOODHAVEN WAY', 'Ownership %:': '100', 'Primary Owner:': '""Yes""', 'Interest Type:': 'Conversion', 'Last Modified:': '11/6/2007 9:25:03 PM'}]",79618,401982,119200,[],"[{'Type': 'Residential', 'Description': 'RPA2 - Concrete'}, {'Quantity': '1', 'Year Built': '1995', 'Grade': 'A'}, {'Condition': '', 'Functional': '', 'Class Code': '3301'}, {}, {'Width/Diameter': '\xa0', 'Length': ' \xa0', 'Size/Area': '1694'}, {'Height': '\xa0', 'Bushels': ' \xa0', 'Circumference': ' \xa0'}]","[{'Method': 'Acre', 'Type': 'Primary Site'}, {'Width': ' \xa0 ', 'Depth': ' \xa0 '}, {'Square Feet': '00', 'Acres': '0.46'}, {}, {'Class Code': '2101', 'Value': '79618'}]"
03-0926-03-2-10-16-0000,"ALDINGER ACRES SUBD 3RD FILING, S03, T01 S, R25 E, BLOCK 2, Lot 8",0.464,10/6/2023 1:55:41 AM,,Residential Property,ALDINGER ACRES SUBD 3RD FILING,"[{'': '4621 S WOODHAVEN WAY', 'Ownership %:': '100', 'Primary Owner:': '""Yes""', 'Interest Type:': 'Joint Tenant w/Right of Survivorship', 'Last Modified:': '5/2/2023 8:41:24 AM'}]",79936,356564,78300,[],"[{'Type': 'Residential', 'Description': 'RPA2 - Concrete'}, {'Quantity': '1', 'Year Built': '1993', 'Grade': 'A'}, {'Condition': '', 'Functional': '', 'Class Code': '3301'}, {}, {'Width/Diameter': '\xa0', 'Length': ' \xa0', 'Size/Area': '1796'}, {'Height': '\xa0', 'Bushels': ' \xa0', 'Circumference': ' \xa0'}, {}, {}, {'Type': 'Residential', 'Description': 'RPA2 - Concrete'}, {'Quantity': '1', 'Year Built': '2002', 'Grade': 'A'}, {'Condition': '', 'Functional': '', 'Class Code': '3301'}, {}, {'Width/Diameter': '\xa0', 'Length': ' \xa0', 'Size/Area': '514'}, {'Height': '\xa0', 'Bushels': ' \xa0', 'Circumference': ' \xa0'}, {}, {}, {'Type': 'Residential', 'Description': 'RRS1 - Shed, Frame'}, {'Quantity': '1', 'Year Built': '1995', 'Grade': 'G'}, {'Condition': '', 'Functional': '', 'Class Code': '3301'}, {}, {'Width/Diameter': '12', 'Length': '18', 'Size/Area': '216'}, {'Height': '\xa0', 'Bushels': ' \xa0', 'Circumference': ' \xa0'}, {}, {}, {'Type': 'Residential', 'Description': 'RRS1 - Shed, Frame'}, {'Quantity': '1', 'Year Built': '2005', 'Grade': 'G'}, {'Condition': '', 'Functional': '', 'Class Code': '3301'}, {}, {'Width/Diameter': '14', 'Length': '20', 'Size/Area': '280'}, {'Height': '\xa0', 'Bushels': ' \xa0', 'Circumference': ' \xa0'}, {}, {}, {'Type': 'Residential', 'Description': 'RRG1 - Garage, frame, detached, finished'}, {'Quantity': '1', 'Year Built': '2021', 'Grade': '5'}, {'Condition': '', 'Functional': '', 'Class Code': '3301'}, {}, {'Width/Diameter': '28', 'Length': '40', 'Size/Area': ' \xa0'}, {'Height': '\xa0', 'Bushels': ' \xa0', 'Circumference': ' \xa0'}, {}, {}, {'Type': 'Residential', 'Description': 'RPA2 - Concrete'}, {'Quantity': '1', 'Year Built': '2021', 'Grade': 'A'}, {'Condition': '', 'Functional': '', 'Class Code': '3301'}, {}, {'Width/Diameter': '\xa0', 'Length': ' \xa0', 'Size/Area': '1827'}, {'Height': '\xa0', 'Bushels': ' \xa0', 'Circumference': ' \xa0'}]","[{'Method': 'Acre', 'Type': 'Primary Site'}, {'Width': ' \xa0 ', 'Depth': ' \xa0 '}, {'Square Feet': '00', 'Acres': '0.464'}, {}, {'Class Code': '2101', 'Value': '79936'}]"
03-0926-03-2-10-18-0000,"ALDINGER ACRES SUBD 3RD FILING, S03, T01 S, R25 E, BLOCK 2, Lot 9",0.464,10/6/2023 1:55:41 AM,,Residential Property,ALDINGER ACRES SUBD 3RD FILING,"[{'': '4637 S WOODHAVEN WAY', 'Ownership %:': '100', 'Primary Owner:': '""Yes""', 'Interest Type:': 'Conversion', 'Last Modified:': '11/6/2007 9:25:03 PM'}]",79936,400064,102800,[],"[{'Type': 'Residential', 'Description': 'RRG1 - Garage, frame, detached, finished'}, {'Quantity': '1', 'Year Built': '2019', 'Grade': '6'}, {'Condition': '', 'Functional': '', 'Class Code': '3301'}, {}, {'Width/Diameter': '\xa0', 'Length': ' \xa0', 'Size/Area': '1432'}, {'Height': '\xa0', 'Bushels': ' \xa0', 'Circumference': ' \xa0'}, {}, {}, {'Type': 'Residential', 'Description': 'RPA2 - Concrete'}, {'Quantity': '1', 'Year Built': '1992', 'Grade': 'A'}, {'Condition': '', 'Functional': '', 'Class Code': '3301'}, {}, {'Width/Diameter': '\xa0', 'Length': ' \xa0', 'Size/Area': '1800'}, {'Height': '\xa0', 'Bushels': ' \xa0', 'Circumference': ' \xa0'}, {}, {}, {'Type': 'Residential', 'Description': 'RRS1 - Shed, Frame'}, {'Quantity': '1', 'Year Built': '1999', 'Grade': 'A'}, {'Condition': '', 'Functional': '', 'Class Code': '3301'}, {}, {'Width/Diameter': '8', 'Length': '10', 'Size/Area': '80'}, {'Height': '\xa0', 'Bushels': ' \xa0', 'Circumference': ' \xa0'}, {}, {}, {'Type': 'Residential', 'Description': 'RPA2 - Concrete'}, {'Quantity': '1', 'Year Built': '2005', 'Grade': 'G'}, {'Condition': '', 'Functional': '', 'Class Code': '3301'}, {}, {'Width/Diameter': '\xa0', 'Length': ' \xa0', 'Size/Area': '400'}, {'Height': '\xa0', 'Bushels': ' \xa0', 'Circumference': ' \xa0'}, {}, {}, {'Type': 'Residential', 'Description': 'RPA2 - Concrete'}, {'Quantity': '1', 'Year Built': '2019', 'Grade': 'A'}, {'Condition': '', 'Functional': '', 'Class Code': '3301'}, {}, {'Width/Diameter': '\xa0', 'Length': ' \xa0', 'Size/Area': '985'}, {'Height': '\xa0', 'Bushels': ' \xa0', 'Circumference': ' \xa0'}]","[{'Method': 'Acre', 'Type': 'Primary Site'}, {'Width': ' \xa0 ', 'Depth': ' \xa0 '}, {'Square Feet': '00', 'Acres': '0.464'}, {}, {'Class Code': '2101', 'Value': '79936'}]"
03-0926-03-2-09-14-0000,"ALDINGER ACRES SUBD 3RD FILING, S03, T01 S, R25 E, BLOCK 3, Lot 7A, AMND LT 7-8",0.462,10/6/2023 1:55:41 AM,,Residential Property,ALDINGER ACRES SUBD 3RD FILING,"[{'': '4624 S WOODHAVEN WAY', 'Ownership %:': '100', 'Primary Owner:': '""Yes""', 'Interest Type:': 'Conversion', 'Last Modified:': '11/6/2007 9:25:03 PM'}]",79777,380823,104300,[],"[{'Type': 'Residential', 'Description': 'RPA2 - Concrete'}, {'Quantity': '1', 'Year Built': '1993', 'Grade': 'A'}, {'Condition': '', 'Functional': '', 'Class Code': '3301'}, {}, {'Width/Diameter': '\xa0', 'Length': ' \xa0', 'Size/Area': '1536'}, {'Height': '\xa0', 'Bushels': ' \xa0', 'Circumference': ' \xa0'}, {}, {}, {'Type': 'Residential', 'Description': 'RPA2 - Concrete'}, {'Quantity': '1', 'Year Built': '2005', 'Grade': 'G'}, {'Condition': '', 'Functional': '', 'Class Code': '3301'}, {}, {'Width/Diameter': '\xa0', 'Length': ' \xa0', 'Size/Area': '500'}, {'Height': '\xa0', 'Bushels': ' \xa0', 'Circumference': ' \xa0'}]","[{'Method': 'Acre', 'Type': 'Primary Site'}, {'Width': ' \xa0 ', 'Depth': ' \xa0 '}, {'Square Feet': '00', 'Acres': '0.462'}, {}, {'Class Code': '2101', 'Value': '79777'}]"
03-0926-03-2-10-22-0000,"ALDINGER ACRES SUBD 3RD FILING, S03, T01 S, R25 E, BLOCK 2, Lot 11",0.465,10/6/2023 1:55:41 AM,,Residential Property,ALDINGER ACRES SUBD 3RD FILING,"[{'': '4707 S WOODHAVEN WAY', 'Ownership %:': '100', 'Primary Owner:': '""Yes""', 'Interest Type:': 'Fee Simple', 'Last Modified:': '1/25/2022 12:42:33 PM'}]",80015,381185,85300,[],"[{'Type': 'Residential', 'Description': 'RPA2 - Concrete'}, {'Quantity': '1', 'Year Built': '1993', 'Grade': 'A'}, {'Condition': '', 'Functional': '', 'Class Code': '3301'}, {}, {'Width/Diameter': '\xa0', 'Length': ' \xa0', 'Size/Area': '2205'}, {'Height': '\xa0', 'Bushels': ' \xa0', 'Circumference': ' \xa0'}, {}, {}, {'Type': 'Residential', 'Description': 'RPA2 - Concrete'}, {'Quantity': '1', 'Year Built': '2000', 'Grade': 'A'}, {'Condition': '', 'Functional': '', 'Class Code': '3301'}, {}, {'Width/Diameter': '20', 'Length': '76', 'Size/Area': '1520'}, {'Height': '\xa0', 'Bushels': ' \xa0', 'Circumference': ' \xa0'}]","[{'Method': 'Acre', 'Type': 'Primary Site'}, {'Width': ' \xa0 ', 'Depth': ' \xa0 '}, {'Square Feet': '00', 'Acres': '0.465'}, {}, {'Class Code': '2101', 'Value': '80015'}]"
03-0926-03-2-09-16-0000,"ALDINGER ACRES SUBD 3RD FILING, S03, T01 S, R25 E, BLOCK 3, Lot 8A, AMND LT 7-8",0.484,10/6/2023 1:55:41 AM,,Residential Property,ALDINGER ACRES SUBD 3RD FILING,"[{'': '4616 S WOODHAVEN WAY', 'Ownership %:': '100', 'Primary Owner:': '""Yes""', 'Interest Type:': 'Conversion', 'Last Modified:': '11/6/2007 9:25:03 PM'}]",81503,400197,150000,[],"[{'Type': 'Residential', 'Description': 'RPA2 - Concrete'}, {'Quantity': '1', 'Year Built': '1993', 'Grade': 'A'}, {'Condition': '', 'Functional': '', 'Class Code': '3301'}, {}, {'Width/Diameter': '\xa0', 'Length': ' \xa0', 'Size/Area': '1680'}, {'Height': '\xa0', 'Bushels': ' \xa0', 'Circumference': ' \xa0'}, {}, {}, {'Type': 'Residential', 'Description': 'RPA2 - Concrete'}, {'Quantity': '1', 'Year Built': '1993', 'Grade': 'A'}, {'Condition': '', 'Functional': '', 'Class Code': '3301'}, {}, {'Width/Diameter': '8', 'Length': '20', 'Size/Area': '160'}, {'Height': '\xa0', 'Bushels': ' \xa0', 'Circumference': ' \xa0'}, {}, {}, {'Type': 'Residential', 'Description': 'RRS1 - Shed, Frame'}, {'Quantity': '1', 'Year Built': '1993', 'Grade': 'A'}, {'Condition': '', 'Functional': '', 'Class Code': '3301'}, {}, {'Width/Diameter': '10', 'Length': '12', 'Size/Area': '120'}, {'Height': '\xa0', 'Bushels': ' \xa0', 'Circumference': ' \xa0'}]","[{'Method': 'Acre', 'Type': 'Primary Site'}, {'Width': ' \xa0 ', 'Depth': ' \xa0 '}, {'Square Feet': '00', 'Acres': '0.484'}, {}, {'Class Code': '2101', 'Value': '81503'}]"
03-0926-03-2-09-08-0000,"ALDINGER ACRES SUBD 3RD FILING, S03, T01 S, R25 E, BLOCK 3, Lot 4",0.461,10/6/2023 1:55:41 AM,,Residential Property,ALDINGER ACRES SUBD 3RD FILING,"[{'': '4706 S WOODHAVEN WAY', 'Ownership %:': '100', 'Primary Owner:': '""Yes""', 'Interest Type:': 'Joint Tenant w/Right of Survivorship', 'Last Modified:': '7/10/2018 2:43:10 PM'}]",79697,418403,78100,[],"[{'Type': 'Residential', 'Description': 'RPA2 - Concrete'}, {'Quantity': '1', 'Year Built': '1995', 'Grade': 'A'}, {'Condition': '', 'Functional': '', 'Class Code': '3301'}, {}, {'Width/Diameter': '24', 'Length': '48', 'Size/Area': '1152'}, {'Height': '\xa0', 'Bushels': ' \xa0', 'Circumference': ' \xa0'}, {}, {}, {'Type': 'Residential', 'Description': 'RPA2 - Concrete'}, {'Quantity': '1', 'Year Built': '1995', 'Grade': 'A'}, {'Condition': '', 'Functional': '', 'Class Code': '3301'}, {}, {'Width/Diameter': '12', 'Length': '29', 'Size/Area': '348'}, {'Height': '\xa0', 'Bushels': ' \xa0', 'Circumference': ' \xa0'}]","[{'Method': 'Acre', 'Type': 'Primary Site'}, {'Width': ' \xa0 ', 'Depth': ' \xa0 '}, {'Square Feet': '00', 'Acres': '0.461'}, {}, {'Class Code': '2101', 'Value': '79697'}]"
03-0926-03-2-09-04-0000,"ALDINGER ACRES SUBD 3RD FILING, S03, T01 S, R25 E, BLOCK 3, Lot 2",0.460,10/6/2023 1:55:41 AM,,Residential Property,ALDINGER ACRES SUBD 3RD FILING,"[{'': '4726 S WOODHAVEN WAY', 'Ownership %:': '100', 'Primary Owner:': '""Yes""', 'Interest Type:': 'Conversion', 'Last Modified:': '11/6/2007 9:25:03 PM'}]",79618,355782,80300,[],"[{'Type': 'Residential', 'Description': 'RPA2 - Concrete'}, {'Quantity': '1', 'Year Built': '1993', 'Grade': 'A'}, {'Condition': '', 'Functional': '', 'Class Code': '3301'}, {}, {'Width/Diameter': '\xa0', 'Length': ' \xa0', 'Size/Area': '1788'}, {'Height': '\xa0', 'Bushels': ' \xa0', 'Circumference': ' \xa0'}]","[{'Method': 'Acre', 'Type': 'Primary Site'}, {'Width': ' \xa0 ', 'Depth': ' \xa0 '}, {'Square Feet': '00', 'Acres': '0.46'}, {}, {'Class Code': '2101', 'Value': '79618'}]"
03-0926-03-2-10-20-0000,"ALDINGER ACRES SUBD 3RD FILING, S03, T01 S, R25 E, BLOCK 2, Lot 10",0.465,10/6/2023 1:55:41 AM,,Residential Property,ALDINGER ACRES SUBD 3RD FILING,"[{'': '4643 S WOODHAVEN WAY', 'Ownership %:': '100', 'Primary Owner:': '""Yes""', 'Interest Type:': 'Conversion', 'Last Modified:': '11/4/2010 4:04:13 PM'}]",80015,464285,121500,[],"[{'Type': 'Residential', 'Description': 'RPA2 - Concrete'}, {'Quantity': '1', 'Year Built': '1994', 'Grade': 'A'}, {'Condition': '', 'Functional': '', 'Class Code': '3301'}, {}, {'Width/Diameter': '\xa0', 'Length': ' \xa0', 'Size/Area': '1720'}, {'Height': '\xa0', 'Bushels': ' \xa0', 'Circumference': ' \xa0'}]","[{'Method': 'Acre', 'Type': 'Primary Site'}, {'Width': ' \xa0 ', 'Depth': ' \xa0 '}, {'Square Feet': '00', 'Acres': '0.465'}, {}, {'Class Code': '2101', 'Value': '80015'}]"
03-0926-03-2-09-20-0000,"ALDINGER ACRES SUBD 3RD FILING, S03, T01 S, R25 E, BLOCK 3, Lot 10",0.468,10/6/2023 1:55:41 AM,,Residential Property,ALDINGER ACRES SUBD 3RD FILING,"[{'': '4604 S WOODHAVEN WAY', 'Ownership %:': '100', 'Primary Owner:': '""Yes""', 'Interest Type:': 'Conversion', 'Last Modified:': '12/22/2008 12:52:12 PM'}]",80252,368548,82800,[],"[{'Type': 'Residential', 'Description': 'RPA2 - Concrete'}, {'Quantity': '1', 'Year Built': '1992', 'Grade': 'A'}, {'Condition': '', 'Functional': '', 'Class Code': '3301'}, {}, {'Width/Diameter': '\xa0', 'Length': ' \xa0', 'Size/Area': '1284'}, {'Height': '\xa0', 'Bushels': ' \xa0', 'Circumference': ' \xa0'}, {}, {}, {'Type': 'Residential', 'Description': 'RRS1 - Shed, Frame'}, {'Quantity': '1', 'Year Built': '1992', 'Grade': 'A'}, {'Condition': '', 'Functional': '', 'Class Code': '3301'}, {}, {'Width/Diameter': '10', 'Length': '12', 'Size/Area': '120'}, {'Height': '\xa0', 'Bushels': ' \xa0', 'Circumference': ' \xa0'}, {}, {}, {'Type': 'Residential', 'Description': 'RRG1 - Garage, frame, detached, finished'}, {'Quantity': '1', 'Year Built': '2006', 'Grade': '5'}, {'Condition': '', 'Functional': '', 'Class Code': '3301'}, {}, {'Width/Diameter': '22', 'Length': '28', 'Size/Area': '616'}, {'Height': '\xa0', 'Bushels': ' \xa0', 'Circumference': ' \xa0'}]","[{'Method': 'Acre', 'Type': 'Primary Site'}, {'Width': ' \xa0 ', 'Depth': ' \xa0 '}, {'Square Feet': '00', 'Acres': '0.468'}, {}, {'Class Code': '2101', 'Value': '80252'}]"
03-0926-03-2-10-26-0000,"ALDINGER ACRES SUBD 3RD FILING, S03, T01 S, R25 E, BLOCK 2, Lot 13",0.465,10/6/2023 1:55:41 AM,,Residential Property,ALDINGER ACRES SUBD 3RD FILING,"[{'': '4725 S WOODHAVEN WAY', 'Ownership %:': '100', 'Primary Owner:': '""Yes""', 'Interest Type:': 'Fee Simple', 'Last Modified:': '8/21/2017 9:59:59 AM'}]",80015,394185,92100,[],"[{'Type': 'Residential', 'Description': 'RPA2 - Concrete'}, {'Quantity': '1', 'Year Built': '1992', 'Grade': 'A'}, {'Condition': '', 'Functional': '', 'Class Code': '3301'}, {}, {'Width/Diameter': '35', 'Length': '40', 'Size/Area': '1400'}, {'Height': '\xa0', 'Bushels': ' \xa0', 'Circumference': ' \xa0'}, {}, {}, {'Type': 'Residential', 'Description': 'RRS1 - Shed, Frame'}, {'Quantity': '1', 'Year Built': '2012', 'Grade': 'G'}, {'Condition': '', 'Functional': '', 'Class Code': '3301'}, {}, {'Width/Diameter': '12', 'Length': '16', 'Size/Area': '192'}, {'Height': '\xa0', 'Bushels': ' \xa0', 'Circumference': ' \xa0'}]","[{'Method': 'Acre', 'Type': 'Primary Site'}, {'Width': ' \xa0 ', 'Depth': ' \xa0 '}, {'Square Feet': '00', 'Acres': '0.465'}, {}, {'Class Code': '2101', 'Value': '80015'}]"
03-0926-03-2-09-12-0000,"ALDINGER ACRES SUBD 3RD FILING, S03, T01 S, R25 E, BLOCK 3, Lot 6",0.461,10/6/2023 1:55:41 AM,,Residential Property,ALDINGER ACRES SUBD 3RD FILING,"[{'': '4636 S WOODHAVEN WAY', 'Ownership %:': '100', 'Primary Owner:': '""Yes""', 'Interest Type:': 'Conversion', 'Last Modified:': '11/6/2007 9:25:03 PM'}]",79697,373003,102300,[],"[{'Type': 'Residential', 'Description': 'RPA2 - Concrete'}, {'Quantity': '1', 'Year Built': '1992', 'Grade': 'A'}, {'Condition': '', 'Functional': '', 'Class Code': '3301'}, {}, {'Width/Diameter': '24', 'Length': '30', 'Size/Area': '720'}, {'Height': '\xa0', 'Bushels': ' \xa0', 'Circumference': ' \xa0'}, {}, {}, {'Type': 'Residential', 'Description': 'RPA2 - Concrete'}, {'Quantity': '1', 'Year Built': '2000', 'Grade': 'A'}, {'Condition': '', 'Functional': '', 'Class Code': '3301'}, {}, {'Width/Diameter': '\xa0', 'Length': ' \xa0', 'Size/Area': '690'}, {'Height': '\xa0', 'Bushels': ' \xa0', 'Circumference': ' \xa0'}, {}, {}, {'Type': 'Residential', 'Description': 'RRS1 - Shed, Frame'}, {'Quantity': '1', 'Year Built': '2005', 'Grade': 'A'}, {'Condition': '', 'Functional': '', 'Class Code': '3301'}, {}, {'Width/Diameter': '10', 'Length': '8', 'Size/Area': '80'}, {'Height': '\xa0', 'Bushels': ' \xa0', 'Circumference': ' \xa0'}]","[{'Method': 'Acre', 'Type': 'Primary Site'}, {'Width': ' \xa0 ', 'Depth': ' \xa0 '}, {'Square Feet': '00', 'Acres': '0.461'}, {}, {'Class Code': '2101', 'Value': '79697'}]"
03-0926-03-2-09-01-0000,"ALDINGER ACRES SUBD 3RD FILING, S03, T01 S, R25 E, BLOCK 3, Lot 1",0.462,10/6/2023 1:55:41 AM,,Residential Property,ALDINGER ACRES SUBD 3RD FILING,"[{'': '4736 S WOODHAVEN WAY', 'Ownership %:': '100', 'Primary Owner:': '""Yes""', 'Interest Type:': 'Joint Tenant', 'Last Modified:': '11/7/2017 4:45:21 PM'}]",79777,445223,122900,[],"[{'Type': 'Residential', 'Description': 'RPA2 - Concrete'}, {'Quantity': '1', 'Year Built': '1995', 'Grade': 'A'}, {'Condition': '', 'Functional': '', 'Class Code': '3301'}, {}, {'Width/Diameter': '\xa0', 'Length': ' \xa0', 'Size/Area': '2456'}, {'Height': '\xa0', 'Bushels': ' \xa0', 'Circumference': ' \xa0'}, {}, {}, {'Type': 'Residential', 'Description': 'RRT7 - Deck, covered patio'}, {'Quantity': '1', 'Year Built': '2000', 'Grade': 'A'}, {'Condition': '', 'Functional': '', 'Class Code': '3301'}, {}, {'Width/Diameter': '10', 'Length': '10', 'Size/Area': '100'}, {'Height': '\xa0', 'Bushels': ' \xa0', 'Circumference': ' \xa0'}, {}, {}, {'Type': 'Residential', 'Description': 'RRG3 - Garage, frame, detached, unfinished'}, {'Quantity': '1', 'Year Built': '2005', 'Grade': '5'}, {'Condition': '', 'Functional': '', 'Class Code': '3301'}, {}, {'Width/Diameter': '26', 'Length': '24', 'Size/Area': '624'}, {'Height': '\xa0', 'Bushels': ' \xa0', 'Circumference': ' \xa0'}, {}, {}, {'Type': 'Residential', 'Description': 'RRT3 - Deck, stone/tile w/sand base'}, {'Quantity': '1', 'Year Built': '2014', 'Grade': 'A'}, {'Condition': '', 'Functional': '', 'Class Code': '3301'}, {}, {'Width/Diameter': '\xa0', 'Length': ' \xa0', 'Size/Area': '480'}, {'Height': '\xa0', 'Bushels': ' \xa0', 'Circumference': ' \xa0'}]","[{'Method': 'Acre', 'Type': 'Primary Site'}, {'Width': ' \xa0 ', 'Depth': ' \xa0 '}, {'Square Feet': '00', 'Acres': '0.462'}, {}, {'Class Code': '2101', 'Value': '79777'}]"
03-0926-03-2-09-06-0000,"ALDINGER ACRES SUBD 3RD FILING, S03, T01 S, R25 E, BLOCK 3, Lot 3",0.460,10/6/2023 1:55:41 AM,,Residential Property,ALDINGER ACRES SUBD 3RD FILING,"[{'': '4714 S WOODHAVEN WAY', 'Ownership %:': '100', 'Primary Owner:': '""Yes""', 'Interest Type:': 'Fee Simple', 'Last Modified:': '5/11/2008 9:54:08 AM'}]",79618,410782,101900,[],"[{'Type': 'Residential', 'Description': 'RPA2 - Concrete'}, {'Quantity': '1', 'Year Built': '1993', 'Grade': 'A'}, {'Condition': '', 'Functional': '', 'Class Code': '3301'}, {}, {'Width/Diameter': '\xa0', 'Length': ' \xa0', 'Size/Area': '1476'}, {'Height': '\xa0', 'Bushels': ' \xa0', 'Circumference': ' \xa0'}, {}, {}, {'Type': 'Residential', 'Description': 'RPA2 - Concrete'}, {'Quantity': '1', 'Year Built': '1994', 'Grade': 'A'}, {'Condition': '', 'Functional': '', 'Class Code': '3301'}, {}, {'Width/Diameter': '\xa0', 'Length': ' \xa0', 'Size/Area': '509'}, {'Height': '\xa0', 'Bushels': ' \xa0', 'Circumference': ' \xa0'}, {}, {}, {'Type': 'Residential', 'Description': 'RPA2 - Concrete'}, {'Quantity': '1', 'Year Built': '2000', 'Grade': 'A'}, {'Condition': '', 'Functional': '', 'Class Code': '3301'}, {}, {'Width/Diameter': '\xa0', 'Length': ' \xa0', 'Size/Area': '1540'}, {'Height': '\xa0', 'Bushels': ' \xa0', 'Circumference': ' \xa0'}, {}, {}, {'Type': 'Residential', 'Description': 'RRG3 - Garage, frame, detached, unfinished'}, {'Quantity': '1', 'Year Built': '2000', 'Grade': '6'}, {'Condition': '', 'Functional': '', 'Class Code': '3301'}, {}, {'Width/Diameter': '24', 'Length': '26', 'Size/Area': '624'}, {'Height': '\xa0', 'Bushels': ' \xa0', 'Circumference': ' \xa0'}]","[{'Method': 'Acre', 'Type': 'Primary Site'}, {'Width': ' \xa0 ', 'Depth': ' \xa0 '}, {'Square Feet': '00', 'Acres': '0.46'}, {}, {'Class Code': '2101', 'Value': '79618'}]"
03-0926-13-4-01-12-0000,"ALLISON SUBD, S13, T01 S, R25 E, Lot 2, S198'LT 2 & 3",1.250,10/6/2023 1:55:41 AM,,Commercial Property,ALLISON SUBD,"[{'': 'PO BOX 965', 'Ownership %:': '100', 'Primary Owner:': '""Yes""', 'Interest Type:': 'Conversion', 'Last Modified:': '12/16/2014 12:00:49 PM'}]",209588,274100,50499,"[{}, {}, {}, {'Building Number': '1', 'Building Name': '', 'Structure Type': '373 - Multi-purpose, Retail, single occupancy'}, {'Units/Building': '1', 'Identical Units': '1'}, {'Grade': 'A', 'Year Built': '2002', 'Year Remodeled': '0'}, {'Class Code': '3307', 'Effective Year': '0', 'Percent Complete': '0'}, {}, {'Level From': '01', 'Level To': '01', 'Use Type': '083 - Multi-Use Sales'}, {}, {'Area': '1,400', 'Use SK Area': '1', 'Perimeter': '156', 'Wall Height': '11'}, {'Area': '1,400', 'Use SK Area': '1'}, {'Perimeter': '156', 'Wall Height': '11'}, {}, {'Exterior Wall Desc': '07 - Metal, light', 'Construction': '4-Pre-engineered Steel', 'Economic Life': '40', '% Interior Finished': '100', 'Partitions': '2-Normal', 'Heat Type': '1-Hot Air', 'AC Type': '1-Central', 'Plumbing': '2-Normal', 'Physical Condition': '3-Normal', 'Functional Utility': '3-Normal'}, {'Exterior Wall Desc': '07 - Metal, light', 'Construction': '4-Pre-engineered Steel', 'Economic Life': '40'}, {'% Interior Finished': '100', 'Partitions': '2-Normal', 'Heat Type': '1-Hot Air'}, {'AC Type': '1-Central', 'Plumbing': '2-Normal'}, {'Physical Condition': '3-Normal', 'Functional Utility': '3-Normal'}, {}, {}, {}, {}, {}]","[{'Type': 'Commercial', 'Description': 'CRS1 - Utility Building, frame'}, {'Quantity': '2', 'Year Built': '2000', 'Grade': 'A'}, {'Condition': '', 'Functional': '3-Normal', 'Class Code': '3307'}, {}, {'Width/Diameter': '10', 'Length': '12', 'Size/Area': '120'}, {'Height': '\xa0', 'Bushels': ' \xa0', 'Circumference': ' \xa0'}, {}, {}, {'Type': 'Commercial', 'Description': 'CPA1 - Paving, asphalt'}, {'Quantity': '1', 'Year Built': '1962', 'Grade': 'A'}, {'Condition': '', 'Functional': '3-Normal', 'Class Code': '3307'}, {}, {'Width/Diameter': '\xa0', 'Length': ' \xa0', 'Size/Area': '7700'}, {'Height': '\xa0', 'Bushels': ' \xa0', 'Circumference': ' \xa0'}, {}, {}, {'Type': 'Commercial', 'Description': 'CAU2 - Fuel Storage Tank, aboveground, Steel'}, {'Quantity': '1', 'Year Built': '1975', 'Grade': 'A'}, {'Condition': '', 'Functional': '3-Normal', 'Class Code': '3307'}, {}, {'Width/Diameter': '\xa0', 'Length': ' \xa0', 'Size/Area': '20000'}, {'Height': '\xa0', 'Bushels': ' \xa0', 'Circumference': ' \xa0'}, {}, {}, {'Type': 'Commercial', 'Description': 'CAU2 - Fuel Storage Tank, aboveground, Steel'}, {'Quantity': '2', 'Year Built': '1975', 'Grade': 'A'}, {'Condition': '', 'Functional': '3-Normal', 'Class Code': '3307'}, {}, {'Width/Diameter': '\xa0', 'Length': ' \xa0', 'Size/Area': '10000'}, {'Height': '\xa0', 'Bushels': ' \xa0', 'Circumference': ' \xa0'}, {}, {}, {'Type': 'Commercial', 'Description': 'CRS1 - Utility Building, frame'}, {'Quantity': '1', 'Year Built': '1962', 'Grade': 'A'}, {'Condition': '', 'Functional': '3-Normal', 'Class Code': '3307'}, {}, {'Width/Diameter': '20', 'Length': '20', 'Size/Area': '400'}, {'Height': '\xa0', 'Bushels': ' \xa0', 'Circumference': ' \xa0'}, {}, {}, {'Type': 'Commercial', 'Description': 'CRF1 - Fence, chain link (commercial)'}, {'Quantity': '1', 'Year Built': '1962', 'Grade': 'A'}, {'Condition': '', 'Functional': '3-Normal', 'Class Code': '3307'}, {}, {'Width/Diameter': '\xa0', 'Length': '300', 'Size/Area': ' \xa0'}, {'Height': '6', 'Bushels': ' \xa0', 'Circumference': ' \xa0'}, {}, {}, {'Type': 'Commercial', 'Description': 'CLT5 - Light, mercury vapor, pole & bracket'}, {'Quantity': '1', 'Year Built': '1975', 'Grade': 'A'}, {'Condition': '', 'Functional': '3-Normal', 'Class Code': '3307'}, {}, {'Width/Diameter': '\xa0', 'Length': ' \xa0', 'Size/Area': '1'}, {'Height': '\xa0', 'Bushels': ' \xa0', 'Circumference': ' \xa0'}, {}, {}, {'Type': 'Commercial', 'Description': 'CGFF - Garage, detached, frame, finished'}, {'Quantity': '1', 'Year Built': '2012', 'Grade': 'G'}, {'Condition': '', 'Functional': '3-Normal', 'Class Code': '3307'}, {}, {'Width/Diameter': '24', 'Length': '24', 'Size/Area': '576'}, {'Height': '\xa0', 'Bushels': ' \xa0', 'Circumference': ' \xa0'}]","[{'Method': 'Acre', 'Type': 'Primary Site'}, {'Width': ' \xa0 ', 'Depth': ' \xa0 '}, {'Square Feet': '00', 'Acres': '1.25'}, {}, {'Class Code': '2107', 'Value': '209588'}]"
03-0926-13-4-01-04-0000,"ALLISON SUBD, S13, T01 S, R25 E, Lot 8, W 114.03' LT 8",0.722,10/6/2023 1:55:41 AM,,Commercial Property,ALLISON SUBD,"[{'': 'PO BOX 965', 'Ownership %:': '100', 'Primary Owner:': '""Yes""', 'Interest Type:': 'Conversion', 'Last Modified:': '12/16/2014 12:03:57 PM'}]",137347,1880,22757,[],"[{'Type': 'Commercial', 'Description': 'CRFC - Fence, chain link w/barbed wire (commercial)'}, {'Quantity': '1', 'Year Built': '2002', 'Grade': 'A'}, {'Condition': '', 'Functional': '3-Normal', 'Class Code': '3307'}, {}, {'Width/Diameter': '\xa0', 'Length': '166', 'Size/Area': ' \xa0'}, {'Height': '6', 'Bushels': ' \xa0', 'Circumference': ' \xa0'}]","[{'Method': 'Acre', 'Type': 'Primary Site'}, {'Width': ' \xa0 ', 'Depth': ' \xa0 '}, {'Square Feet': '00', 'Acres': '0.722'}, {}, {'Class Code': '2107', 'Value': '137347'}]"
03-0926-13-4-01-03-0000,"ALLISON SUBD, S13, T01 S, R25 E, Lot 9",0.606,10/6/2023 1:55:41 AM,,Commercial Property,ALLISON SUBD,"[{'': 'PO BOX 965', 'Ownership %:': '100', 'Primary Owner:': '""Yes""', 'Interest Type:': 'Conversion', 'Last Modified:': '12/16/2014 12:05:14 PM'}]",120019,3520,22682,[],"[{'Type': 'Commercial', 'Description': 'CRFC - Fence, chain link w/barbed wire (commercial)'}, {'Quantity': '1', 'Year Built': '2002', 'Grade': 'A'}, {'Condition': '', 'Functional': '3-Normal', 'Class Code': '3307'}, {}, {'Width/Diameter': '\xa0', 'Length': '311', 'Size/Area': ' \xa0'}, {'Height': '6', 'Bushels': ' \xa0', 'Circumference': ' \xa0'}]","[{'Method': 'Acre', 'Type': 'Primary Site'}, {'Width': ' \xa0 ', 'Depth': ' \xa0 '}, {'Square Feet': '00', 'Acres': '0.606'}, {}, {'Class Code': '2107', 'Value': '120019'}]"
03-0926-13-4-01-05-0000,"ALLISON SUBD, S13, T01 S, R25 E, Lot 4A, & 5A&7A AMND  (06) (2.123 ACRES)",2.123,10/6/2023 1:55:41 AM,,Commercial Property,ALLISON SUBD,"[{'': '2954 GREGORY DR S', 'Ownership %:': '100', 'Primary Owner:': '""Yes""', 'Interest Type:': 'Fee Simple', 'Last Modified:': '5/23/2023 12:07:02 PM'}]",315135,203360,31723,"[{}, {}, {}, {}, {'Building Number': '1', 'Building Name': '', 'Structure Type': '398 - Warehouse'}, {'Units/Building': '1', 'Identical Units': '1'}, {'Grade': 'A', 'Year Built': '1989', 'Year Remodeled': '0'}, {'Class Code': '3307', 'Effective Year': '0', 'Percent Complete': '0'}, {}, {'Level From': '01', 'Level To': '01', 'Use Type': '045 - Warehouse'}, {}, {'Area': '3,360', 'Use SK Area': '1', 'Perimeter': '244', 'Wall Height': '14'}, {'Area': '3,360', 'Use SK Area': '1'}, {'Perimeter': '244', 'Wall Height': '14'}, {}, {'Exterior Wall Desc': '07 - Metal, light', 'Construction': '4-Pre-engineered Steel', 'Economic Life': '40', '% Interior Finished': '100', 'Partitions': '2-Normal', 'Heat Type': '3-Unit or Space Heaters', 'AC Type': '0-None', 'Plumbing': '2-Normal', 'Physical Condition': '3-Normal', 'Functional Utility': '3-Normal'}, {'Exterior Wall Desc': '07 - Metal, light', 'Construction': '4-Pre-engineered Steel', 'Economic Life': '40'}, {'% Interior Finished': '100', 'Partitions': '2-Normal', 'Heat Type': '3-Unit or Space Heaters'}, {'AC Type': '0-None', 'Plumbing': '2-Normal'}, {'Physical Condition': '3-Normal', 'Functional Utility': '3-Normal'}, {}, {}, {}, {}, {}]","[{'Type': 'Commercial', 'Description': 'CLT2 - Light, incandescent, wall mounted'}, {'Quantity': '2', 'Year Built': '1989', 'Grade': 'A'}, {'Condition': '', 'Functional': '3-Normal', 'Class Code': '3307'}, {}, {'Width/Diameter': '\xa0', 'Length': ' \xa0', 'Size/Area': '1'}, {'Height': '\xa0', 'Bushels': ' \xa0', 'Circumference': ' \xa0'}, {}, {}, {'Type': 'Commercial', 'Description': 'CRFC - Fence, chain link w/barbed wire (commercial)'}, {'Quantity': '1', 'Year Built': '1989', 'Grade': 'A'}, {'Condition': '', 'Functional': '3-Normal', 'Class Code': '3307'}, {}, {'Width/Diameter': '\xa0', 'Length': '1030', 'Size/Area': ' \xa0'}, {'Height': '6', 'Bushels': ' \xa0', 'Circumference': ' \xa0'}, {}, {}, {'Type': 'Commercial', 'Description': 'CSH1 - Shed, machinery'}, {'Quantity': '1', 'Year Built': '1992', 'Grade': 'A'}, {'Condition': '', 'Functional': '3-Normal', 'Class Code': '3307'}, {}, {'Width/Diameter': '20', 'Length': '72', 'Size/Area': '1440'}, {'Height': '\xa0', 'Bushels': ' \xa0', 'Circumference': ' \xa0'}, {}, {}, {'Type': 'Commercial', 'Description': 'CRF1 - Fence, chain link (commercial)'}, {'Quantity': '1', 'Year Built': '2005', 'Grade': 'A'}, {'Condition': '', 'Functional': '3-Normal', 'Class Code': '3307'}, {}, {'Width/Diameter': '\xa0', 'Length': '300', 'Size/Area': ' \xa0'}, {'Height': '6', 'Bushels': ' \xa0', 'Circumference': ' \xa0'}]","[{'Method': 'Acre', 'Type': 'Primary Site'}, {'Width': ' \xa0 ', 'Depth': ' \xa0 '}, {'Square Feet': '00', 'Acres': '2.123'}, {}, {'Class Code': '2107', 'Value': '315135'}]"
03-0926-13-4-01-07-0000,"ALLISON SUBD, S13, T01 S, R25 E, Lot 5C, & LT 6A AMND LT 4-6",0.207,10/6/2023 1:55:41 AM,,Residential Property,ALLISON SUBD,"[{'': '1010 READING CIR', 'Ownership %:': '100', 'Primary Owner:': '""Yes""', 'Interest Type:': 'Fee Simple', 'Last Modified:': '5/15/2019 9:37:23 AM'}]",55143,267357,25900,[],"[{'Type': 'Residential', 'Description': 'RRS1 - Shed, Frame'}, {'Quantity': '1', 'Year Built': '1960', 'Grade': 'A'}, {'Condition': '', 'Functional': '', 'Class Code': '3301'}, {}, {'Width/Diameter': '8', 'Length': '8', 'Size/Area': '64'}, {'Height': '\xa0', 'Bushels': ' \xa0', 'Circumference': ' \xa0'}, {}, {}, {'Type': 'Residential', 'Description': 'RRS1 - Shed, Frame'}, {'Quantity': '1', 'Year Built': '2015', 'Grade': 'G'}, {'Condition': '', 'Functional': '', 'Class Code': '3301'}, {}, {'Width/Diameter': '11', 'Length': '20', 'Size/Area': '220'}, {'Height': '\xa0', 'Bushels': ' \xa0', 'Circumference': ' \xa0'}]","[{'Method': 'Acre', 'Type': 'Primary Site'}, {'Width': ' \xa0 ', 'Depth': ' \xa0 '}, {'Square Feet': '00', 'Acres': '0.207'}, {}, {'Class Code': '2101', 'Value': '55143'}]"
03-0926-13-4-01-01-0000,"ALLISON SUBD, S13, T01 S, R25 E, Lot 1A, AMND LT 1",1.716,10/6/2023 1:55:41 AM,,Commercial Property,ALLISON SUBD,"[{'': '441 ROAD 58 UNIT B', 'Ownership %:': '100', 'Primary Owner:': '""Yes""', 'Interest Type:': 'Fee Simple', 'Last Modified:': '10/2/2023 4:43:08 PM'}]",267500,566600,82660,"[{}, {}, {}, {'Building Number': '1', 'Building Name': '', 'Structure Type': '373 - Multi-purpose, Retail, single occupancy'}, {'Units/Building': '1', 'Identical Units': '1'}, {'Grade': 'A', 'Year Built': '2007', 'Year Remodeled': '0'}, {'Class Code': '3307', 'Effective Year': '0', 'Percent Complete': '0'}, {}, {'Level From': '01', 'Level To': '01', 'Use Type': '046 - Auto Showroom/Office'}, {}, {'Area': '2,400', 'Use SK Area': '1', 'Perimeter': '200', 'Wall Height': '14'}, {'Area': '2,400', 'Use SK Area': '1'}, {'Perimeter': '200', 'Wall Height': '14'}, {}, {'Exterior Wall Desc': '02 - Frame', 'Construction': '1-Wood Frame/Joist/Beam', 'Economic Life': '40', '% Interior Finished': '100', 'Partitions': '2-Normal', 'Heat Type': '1-Hot Air', 'AC Type': '1-Central', 'Plumbing': '2-Normal', 'Physical Condition': '3-Normal', 'Functional Utility': '3-Normal'}, {'Exterior Wall Desc': '02 - Frame', 'Construction': '1-Wood Frame/Joist/Beam', 'Economic Life': '40'}, {'% Interior Finished': '100', 'Partitions': '2-Normal', 'Heat Type': '1-Hot Air'}, {'AC Type': '1-Central', 'Plumbing': '2-Normal'}, {'Physical Condition': '3-Normal', 'Functional Utility': '3-Normal'}, {}, {}, {}, {}, {}]","[{'Type': 'Commercial', 'Description': 'CLT4 - Light, incandescent, pole & bracket'}, {'Quantity': '9', 'Year Built': '2004', 'Grade': 'A'}, {'Condition': '', 'Functional': '3-Normal', 'Class Code': '3307'}, {}, {'Width/Diameter': '\xa0', 'Length': ' \xa0', 'Size/Area': '1'}, {'Height': '\xa0', 'Bushels': ' \xa0', 'Circumference': ' \xa0'}, {}, {}, {'Type': 'Commercial', 'Description': 'CPA2 - Paving, concrete, 4""'}, {'Quantity': '1', 'Year Built': '1980', 'Grade': 'A'}, {'Condition': '', 'Functional': '2-Fair', 'Class Code': '3307'}, {}, {'Width/Diameter': '1', 'Length': '668', 'Size/Area': '668'}, {'Height': '\xa0', 'Bushels': ' \xa0', 'Circumference': ' \xa0'}, {}, {}, {'Type': 'Commercial', 'Description': 'CGFF - Garage, detached, frame, finished'}, {'Quantity': '1', 'Year Built': '2002', 'Grade': 'G'}, {'Condition': '', 'Functional': '3-Normal', 'Class Code': '3307'}, {}, {'Width/Diameter': '37', 'Length': '48', 'Size/Area': '1776'}, {'Height': '\xa0', 'Bushels': ' \xa0', 'Circumference': ' \xa0'}, {}, {}, {'Type': 'Commercial', 'Description': 'CPA1 - Paving, asphalt'}, {'Quantity': '1', 'Year Built': '2007', 'Grade': 'A'}, {'Condition': '', 'Functional': '3-Normal', 'Class Code': '3307'}, {}, {'Width/Diameter': '\xa0', 'Length': ' \xa0', 'Size/Area': '66750'}, {'Height': '\xa0', 'Bushels': ' \xa0', 'Circumference': ' \xa0'}, {}, {}, {'Type': 'Commercial', 'Description': 'CRFV - Fence, vinyl (commercial)'}, {'Quantity': '1', 'Year Built': '2004', 'Grade': 'A'}, {'Condition': '', 'Functional': '3-Normal', 'Class Code': '3307'}, {}, {'Width/Diameter': '\xa0', 'Length': '600', 'Size/Area': ' \xa0'}, {'Height': '4', 'Bushels': ' \xa0', 'Circumference': ' \xa0'}, {}, {}, {'Type': 'Commercial', 'Description': 'CRS1 - Utility Building, frame'}, {'Quantity': '1', 'Year Built': '2013', 'Grade': 'A'}, {'Condition': '', 'Functional': '3-Normal', 'Class Code': '3307'}, {}, {'Width/Diameter': '6', 'Length': '6', 'Size/Area': '36'}, {'Height': '\xa0', 'Bushels': ' \xa0', 'Circumference': ' \xa0'}]","[{'Method': 'Acre', 'Type': 'Primary Site'}, {'Width': ' \xa0 ', 'Depth': ' \xa0 '}, {'Square Feet': '00', 'Acres': '1.716'}, {}, {'Class Code': '2107', 'Value': '267500'}]"
03-0926-13-4-01-08-0000,"ALLISON SUBD, S13, T01 S, R25 E, Lot 5B, AMND LT 4-6",0.284,10/6/2023 1:55:41 AM,,Commercial Property,ALLISON SUBD,"[{'': 'PO BOX 432', 'Ownership %:': '100', 'Primary Owner:': '""Yes""', 'Interest Type:': 'Fee Simple', 'Last Modified:': '9/21/2018 2:58:38 PM'}]",66958,238542,105998,"[{}, {}, {}, {'Building Number': '1', 'Building Name': 'Magic City Relief', 'Structure Type': '373 - Multi-purpose, Retail, single occupancy'}, {'Units/Building': '1', 'Identical Units': '1'}, {'Grade': 'F', 'Year Built': '1955', 'Year Remodeled': '2017'}, {'Class Code': '3307', 'Effective Year': '1985', 'Percent Complete': '0'}, {}, {'Level From': '02', 'Level To': '02', 'Use Type': '045 - Warehouse'}, {}, {'Area': '1,038', 'Use SK Area': '1', 'Perimeter': '142', 'Wall Height': '8'}, {'Area': '1,038', 'Use SK Area': '1'}, {'Perimeter': '142', 'Wall Height': '8'}, {}, {'Exterior Wall Desc': '02 - Frame', 'Construction': '1-Wood Frame/Joist/Beam', 'Economic Life': '40', '% Interior Finished': '100', 'Partitions': '2-Normal', 'Heat Type': '1-Hot Air', 'AC Type': '1-Central', 'Plumbing': '2-Normal', 'Physical Condition': '3-Normal', 'Functional Utility': '3-Normal'}, {'Exterior Wall Desc': '02 - Frame', 'Construction': '1-Wood Frame/Joist/Beam', 'Economic Life': '40'}, {'% Interior Finished': '100', 'Partitions': '2-Normal', 'Heat Type': '1-Hot Air'}, {'AC Type': '1-Central', 'Plumbing': '2-Normal'}, {'Physical Condition': '3-Normal', 'Functional Utility': '3-Normal'}, {}, {}, {}, {}, {}]","[{'Type': 'Commercial', 'Description': 'CRS1 - Utility Building, frame'}, {'Quantity': '1', 'Year Built': '2018', 'Grade': 'A'}, {'Condition': '', 'Functional': '3-Normal', 'Class Code': '3307'}, {}, {'Width/Diameter': '11', 'Length': '20', 'Size/Area': '220'}, {'Height': '\xa0', 'Bushels': ' \xa0', 'Circumference': ' \xa0'}, {}, {}, {'Type': 'Commercial', 'Description': 'CRS1 - Utility Building, frame'}, {'Quantity': '1', 'Year Built': '2010', 'Grade': 'A'}, {'Condition': '', 'Functional': '2-Fair', 'Class Code': '3307'}, {}, {'Width/Diameter': '8', 'Length': '8', 'Size/Area': '64'}, {'Height': '\xa0', 'Bushels': ' \xa0', 'Circumference': ' \xa0'}, {}, {}, {'Type': 'Commercial', 'Description': 'CRS1 - Utility Building, frame'}, {'Quantity': '1', 'Year Built': '2000', 'Grade': 'A'}, {'Condition': '', 'Functional': '3-Normal', 'Class Code': '3307'}, {}, {'Width/Diameter': '10', 'Length': '16', 'Size/Area': '160'}, {'Height': '9', 'Bushels': ' \xa0', 'Circumference': ' \xa0'}]","[{'Method': 'Acre', 'Type': 'Primary Site'}, {'Width': ' \xa0 ', 'Depth': ' \xa0 '}, {'Square Feet': '00', 'Acres': '0.284'}, {}, {'Class Code': '2107', 'Value': '66958'}]"
03-1134-17-2-80-05-0000,"BLUEGRASS SUBD 2ND FILING, S17, T02 N, R27 E, BLOCK 1, Lot 3,   6.000 AC (96)",6.000,10/6/2023 1:55:41 AM,,Residential Property,BLUEGRASS SUBD 2ND FILING,"[{'': '3460 YEOMAN RD', 'Ownership %:': '100', 'Primary Owner:': '""Yes""', 'Interest Type:': 'Joint Tenant w/Right of Survivorship', 'Last Modified:': '1/31/2014 4:44:39 PM'}]",100449,344551,107000,[],"[{'Type': 'Residential', 'Description': 'AAP4 - Pole Frame Bldg, 1 side open, wood'}, {'Quantity': '1', 'Year Built': '2013', 'Grade': 'A'}, {'Condition': '', 'Functional': '', 'Class Code': '3301'}, {}, {'Width/Diameter': '8', 'Length': '14', 'Size/Area': ' \xa0'}, {'Height': '\xa0', 'Bushels': ' \xa0', 'Circumference': ' \xa0'}, {}, {}, {'Type': 'Residential', 'Description': 'AAP1 - Pole Frame Bldg, 4 sides closed, metal'}, {'Quantity': '1', 'Year Built': '2013', 'Grade': 'L'}, {'Condition': '', 'Functional': '', 'Class Code': '3301'}, {}, {'Width/Diameter': '8', 'Length': '16', 'Size/Area': ' \xa0'}, {'Height': '\xa0', 'Bushels': ' \xa0', 'Circumference': ' \xa0'}, {}, {}, {'Type': 'Residential', 'Description': 'RRS1 - Shed, Frame'}, {'Quantity': '1', 'Year Built': '2013', 'Grade': 'A'}, {'Condition': '', 'Functional': '', 'Class Code': '3301'}, {}, {'Width/Diameter': '10', 'Length': '14', 'Size/Area': ' \xa0'}, {'Height': '\xa0', 'Bushels': ' \xa0', 'Circumference': ' \xa0'}, {}, {}, {'Type': 'Residential', 'Description': 'AAB2 - Standard Barn'}, {'Quantity': '1', 'Year Built': '2008', 'Grade': 'A'}, {'Condition': '', 'Functional': '', 'Class Code': '3301'}, {}, {'Width/Diameter': '30', 'Length': '30', 'Size/Area': ' \xa0'}, {'Height': '\xa0', 'Bushels': ' \xa0', 'Circumference': ' \xa0'}, {}, {}, {'Type': 'Residential', 'Description': 'AAP3 - Pole Frame Bldg, 1 side open, metal'}, {'Quantity': '1', 'Year Built': '2014', 'Grade': 'A'}, {'Condition': '', 'Functional': '', 'Class Code': '3301'}, {}, {'Width/Diameter': '12', 'Length': '16', 'Size/Area': ' \xa0'}, {'Height': '\xa0', 'Bushels': ' \xa0', 'Circumference': ' \xa0'}, {}, {}, {'Type': 'Residential', 'Description': 'RPA2 - Concrete'}, {'Quantity': '1', 'Year Built': '1997', 'Grade': 'A'}, {'Condition': '', 'Functional': '', 'Class Code': '3301'}, {}, {'Width/Diameter': '20', 'Length': '40', 'Size/Area': '800'}, {'Height': '\xa0', 'Bushels': ' \xa0', 'Circumference': ' \xa0'}, {}, {}, {'Type': 'Residential', 'Description': 'RRS1 - Shed, Frame'}, {'Quantity': '1', 'Year Built': '2004', 'Grade': 'A'}, {'Condition': '', 'Functional': '', 'Class Code': '3301'}, {}, {'Width/Diameter': '10', 'Length': '12', 'Size/Area': '120'}, {'Height': '\xa0', 'Bushels': ' \xa0', 'Circumference': ' \xa0'}, {}, {}, {'Type': 'Residential', 'Description': 'AAP1 - Pole Frame Bldg, 4 sides closed, metal'}, {'Quantity': '1', 'Year Built': '2004', 'Grade': 'A'}, {'Condition': '', 'Functional': '', 'Class Code': '3301'}, {}, {'Width/Diameter': '30', 'Length': '36', 'Size/Area': '1080'}, {'Height': '\xa0', 'Bushels': ' \xa0', 'Circumference': ' \xa0'}, {}, {}, {'Type': 'Residential', 'Description': 'AAP3 - Pole Frame Bldg, 1 side open, metal'}, {'Quantity': '1', 'Year Built': '2004', 'Grade': 'A'}, {'Condition': '', 'Functional': '', 'Class Code': '3301'}, {}, {'Width/Diameter': '12', 'Length': '36', 'Size/Area': '432'}, {'Height': '\xa0', 'Bushels': ' \xa0', 'Circumference': ' \xa0'}, {}, {}, {'Type': 'Residential', 'Description': 'AAP3 - Pole Frame Bldg, 1 side open, metal'}, {'Quantity': '1', 'Year Built': '2008', 'Grade': 'A'}, {'Condition': '', 'Functional': '', 'Class Code': '3301'}, {}, {'Width/Diameter': '12', 'Length': '30', 'Size/Area': ' \xa0'}, {'Height': '\xa0', 'Bushels': ' \xa0', 'Circumference': ' \xa0'}, {}, {}, {'Type': 'Residential', 'Description': 'AAP3 - Pole Frame Bldg, 1 side open, metal'}, {'Quantity': '1', 'Year Built': '2014', 'Grade': 'A'}, {'Condition': '', 'Functional': '', 'Class Code': '3301'}, {}, {'Width/Diameter': '12', 'Length': '24', 'Size/Area': ' \xa0'}, {'Height': '\xa0', 'Bushels': ' \xa0', 'Circumference': ' \xa0'}]","[{'Method': 'Acre', 'Type': 'Primary Site'}, {'Width': ' \xa0 ', 'Depth': ' \xa0 '}, {'Square Feet': '00', 'Acres': '6'}, {}, {'Class Code': '2101', 'Value': '100449'}]"
03-1134-17-2-80-15-0000,"BLUEGRASS SUBD 2ND FILING, S17, T02 N, R27 E, BLOCK 1, Lot 5B1, AMD  (11)",10.470,10/6/2023 1:55:41 AM,,Residential Property,BLUEGRASS SUBD 2ND FILING,"[{'': '3580 YEOMAN RD', 'Ownership %:': '100', 'Primary Owner:': '""Yes""', 'Interest Type:': 'Fee Simple', 'Last Modified:': '9/18/2015 4:45:57 PM'}]",122741,404559,73400,[],"[{'Type': 'Residential', 'Description': 'RPA2 - Concrete'}, {'Quantity': '1', 'Year Built': '1996', 'Grade': 'A'}, {'Condition': '', 'Functional': '', 'Class Code': '3301'}, {}, {'Width/Diameter': '24', 'Length': '24', 'Size/Area': '576'}, {'Height': '\xa0', 'Bushels': ' \xa0', 'Circumference': ' \xa0'}, {}, {}, {'Type': 'Residential', 'Description': 'RRS1 - Shed, Frame'}, {'Quantity': '1', 'Year Built': '2003', 'Grade': 'G'}, {'Condition': '', 'Functional': '', 'Class Code': '3301'}, {}, {'Width/Diameter': '20', 'Length': '22', 'Size/Area': '440'}, {'Height': '\xa0', 'Bushels': ' \xa0', 'Circumference': ' \xa0'}, {}, {}, {'Type': 'Residential', 'Description': 'AAB2 - Standard Barn'}, {'Quantity': '1', 'Year Built': '2006', 'Grade': 'A'}, {'Condition': '', 'Functional': '', 'Class Code': '3301'}, {}, {'Width/Diameter': '61', 'Length': '33', 'Size/Area': ' \xa0'}, {'Height': '\xa0', 'Bushels': ' \xa0', 'Circumference': ' \xa0'}, {}, {}, {'Type': 'Residential', 'Description': 'AAP6 - Pole Frame Bldg, 4 sides open, wood'}, {'Quantity': '1', 'Year Built': '2006', 'Grade': 'A'}, {'Condition': '', 'Functional': '', 'Class Code': '3301'}, {}, {'Width/Diameter': '12', 'Length': '30', 'Size/Area': ' \xa0'}, {'Height': '\xa0', 'Bushels': ' \xa0', 'Circumference': ' \xa0'}, {}, {}, {'Type': 'Residential', 'Description': 'RRS1 - Shed, Frame'}, {'Quantity': '1', 'Year Built': '2006', 'Grade': 'A'}, {'Condition': '', 'Functional': '', 'Class Code': '3301'}, {}, {'Width/Diameter': '10', 'Length': '16', 'Size/Area': ' \xa0'}, {'Height': '\xa0', 'Bushels': ' \xa0', 'Circumference': ' \xa0'}, {}, {}, {'Type': 'Residential', 'Description': 'AAP3 - Pole Frame Bldg, 1 side open, metal'}, {'Quantity': '1', 'Year Built': '2007', 'Grade': 'A'}, {'Condition': '', 'Functional': '', 'Class Code': '3301'}, {}, {'Width/Diameter': '10', 'Length': '18', 'Size/Area': ' \xa0'}, {'Height': '\xa0', 'Bushels': ' \xa0', 'Circumference': ' \xa0'}, {}, {}, {'Type': 'Residential', 'Description': 'AAP3 - Pole Frame Bldg, 1 side open, metal'}, {'Quantity': '1', 'Year Built': '2007', 'Grade': 'A'}, {'Condition': '', 'Functional': '', 'Class Code': '3301'}, {}, {'Width/Diameter': '10', 'Length': '18', 'Size/Area': ' \xa0'}, {'Height': '\xa0', 'Bushels': ' \xa0', 'Circumference': ' \xa0'}, {}, {}, {'Type': 'Residential', 'Description': 'AAP3 - Pole Frame Bldg, 1 side open, metal'}, {'Quantity': '1', 'Year Built': '2008', 'Grade': 'A'}, {'Condition': '', 'Functional': '', 'Class Code': '3301'}, {}, {'Width/Diameter': '20', 'Length': '60', 'Size/Area': ' \xa0'}, {'Height': '\xa0', 'Bushels': ' \xa0', 'Circumference': ' \xa0'}, {}, {}, {'Type': 'Residential', 'Description': 'AAP3 - Pole Frame Bldg, 1 side open, metal'}, {'Quantity': '1', 'Year Built': '2008', 'Grade': 'A'}, {'Condition': '', 'Functional': '', 'Class Code': '3301'}, {}, {'Width/Diameter': '8', 'Length': '24', 'Size/Area': ' \xa0'}, {'Height': '\xa0', 'Bushels': ' \xa0', 'Circumference': ' \xa0'}]","[{'Method': 'Acre', 'Type': 'Primary Site'}, {'Width': ' \xa0 ', 'Depth': ' \xa0 '}, {'Square Feet': '00', 'Acres': '10.47'}, {}, {'Class Code': '2101', 'Value': '122741'}]"
03-1134-17-2-80-50-0000,"BLUEGRASS SUBD 2ND FILING, S17, T02 N, R27 E, BLOCK 1, Lot 1",1.000,10/6/2023 1:55:41 AM,,Non-Qualified Ag,BLUEGRASS SUBD 2ND FILING,"[{'': '3348 YEOMAN RD', 'Ownership %:': '100', 'Primary Owner:': '""Yes""', 'Interest Type:': 'Joint Tenant w/Right of Survivorship', 'Last Modified:': '3/10/2022 2:00:18 PM'}]",57045,270820,320114,[],"[{'Type': 'Residential', 'Description': 'RRS1 - Shed, Frame'}, {'Quantity': '1', 'Year Built': '2016', 'Grade': 'A'}, {'Condition': '', 'Functional': '', 'Class Code': '3301'}, {}, {'Width/Diameter': '10', 'Length': '12', 'Size/Area': ' \xa0'}, {'Height': '\xa0', 'Bushels': ' \xa0', 'Circumference': ' \xa0'}, {}, {}, {'Type': 'Residential', 'Description': 'AAP4 - Pole Frame Bldg, 1 side open, wood'}, {'Quantity': '1', 'Year Built': '2015', 'Grade': 'A'}, {'Condition': '', 'Functional': '', 'Class Code': '3301'}, {}, {'Width/Diameter': '10', 'Length': '12', 'Size/Area': ' \xa0'}, {'Height': '\xa0', 'Bushels': ' \xa0', 'Circumference': ' \xa0'}]","[{'Method': 'Acre', 'Type': '1 Ac. beneath Improvements (for dwlg on NQ Ag Land)'}, {'Width': ' \xa0 ', 'Depth': ' \xa0 '}, {'Square Feet': '00', 'Acres': '1'}, {}, {'Class Code': '2002', 'Value': '52700'}]"
03-1134-17-2-80-10-0000,"BLUEGRASS SUBD 2ND FILING, S17, T02 N, R27 E, BLOCK 1, Lot 5A, 10.00 AC     (03)",10.000,10/6/2023 1:55:41 AM,,Residential Property,BLUEGRASS SUBD 2ND FILING,"[{'': '3540 YEOMAN RD', 'Ownership %:': '100', 'Primary Owner:': '""Yes""', 'Interest Type:': 'Joint Tenant w/Right of Survivorship', 'Last Modified:': '8/18/2020 12:04:12 PM'}]",120729,400471,79200,[],"[{'Type': 'Residential', 'Description': 'RPA2 - Concrete'}, {'Quantity': '1', 'Year Built': '2004', 'Grade': 'A'}, {'Condition': '', 'Functional': '', 'Class Code': '3301'}, {}, {'Width/Diameter': '26', 'Length': '26', 'Size/Area': ' \xa0'}, {'Height': '\xa0', 'Bushels': ' \xa0', 'Circumference': ' \xa0'}, {}, {}, {'Type': 'Residential', 'Description': 'RPA2 - Concrete'}, {'Quantity': '1', 'Year Built': '2004', 'Grade': 'A'}, {'Condition': '', 'Functional': '', 'Class Code': '3301'}, {}, {'Width/Diameter': '16', 'Length': '16', 'Size/Area': ' \xa0'}, {'Height': '\xa0', 'Bushels': ' \xa0', 'Circumference': ' \xa0'}, {}, {}, {'Type': 'Residential', 'Description': 'RRS1 - Shed, Frame'}, {'Quantity': '1', 'Year Built': '2002', 'Grade': 'G'}, {'Condition': '', 'Functional': '', 'Class Code': '3301'}, {}, {'Width/Diameter': '10', 'Length': '10', 'Size/Area': '100'}, {'Height': '\xa0', 'Bushels': ' \xa0', 'Circumference': ' \xa0'}, {}, {}, {'Type': 'Residential', 'Description': 'RPA2 - Concrete'}, {'Quantity': '1', 'Year Built': '2004', 'Grade': 'A'}, {'Condition': '', 'Functional': '', 'Class Code': '3301'}, {}, {'Width/Diameter': '24', 'Length': '26', 'Size/Area': ' \xa0'}, {'Height': '\xa0', 'Bushels': ' \xa0', 'Circumference': ' \xa0'}, {}, {}, {'Type': 'Residential', 'Description': 'AAP4 - Pole Frame Bldg, 1 side open, wood'}, {'Quantity': '1', 'Year Built': '2004', 'Grade': 'A'}, {'Condition': '', 'Functional': '', 'Class Code': '3301'}, {}, {'Width/Diameter': '12', 'Length': '36', 'Size/Area': ' \xa0'}, {'Height': '\xa0', 'Bushels': ' \xa0', 'Circumference': ' \xa0'}, {}, {}, {'Type': 'Residential', 'Description': 'AAP3 - Pole Frame Bldg, 1 side open, metal'}, {'Quantity': '1', 'Year Built': '2010', 'Grade': 'A'}, {'Condition': '', 'Functional': '', 'Class Code': '3301'}, {}, {'Width/Diameter': '12', 'Length': '24', 'Size/Area': ' \xa0'}, {'Height': '\xa0', 'Bushels': ' \xa0', 'Circumference': ' \xa0'}, {}, {}, {'Type': 'Residential', 'Description': 'AAB2 - Standard Barn'}, {'Quantity': '1', 'Year Built': '2010', 'Grade': 'A'}, {'Condition': '', 'Functional': '', 'Class Code': '3301'}, {}, {'Width/Diameter': '36', 'Length': '36', 'Size/Area': ' \xa0'}, {'Height': '\xa0', 'Bushels': ' \xa0', 'Circumference': ' \xa0'}]","[{'Method': 'Acre', 'Type': 'Primary Site'}, {'Width': ' \xa0 ', 'Depth': ' \xa0 '}, {'Square Feet': '00', 'Acres': '10'}, {}, {'Class Code': '2101', 'Value': '120729'}]"
03-1134-17-2-80-40-0000,"BLUEGRASS SUBD 2ND FILING, S17, T02 N, R27 E, BLOCK 1, Lot 4, 5.010 AC  (96)",5.010,10/6/2023 1:55:41 AM,,Residential Property,BLUEGRASS SUBD 2ND FILING,"[{'': '7105 MOLLY DR W', 'Ownership %:': '100', 'Primary Owner:': '""Yes""', 'Interest Type:': 'Joint Tenant w/Right of Survivorship', 'Last Modified:': '8/11/2017 2:45:44 PM'}]",94135,320865,84000,[],"[{'Type': 'Residential', 'Description': 'RPA2 - Concrete'}, {'Quantity': '1', 'Year Built': '2005', 'Grade': 'A'}, {'Condition': '', 'Functional': '', 'Class Code': '3301'}, {}, {'Width/Diameter': '\xa0', 'Length': ' \xa0', 'Size/Area': '720'}, {'Height': '\xa0', 'Bushels': ' \xa0', 'Circumference': ' \xa0'}, {}, {}, {'Type': 'Residential', 'Description': 'RPA2 - Concrete'}, {'Quantity': '1', 'Year Built': '1996', 'Grade': 'A'}, {'Condition': '', 'Functional': '', 'Class Code': '3301'}, {}, {'Width/Diameter': '10', 'Length': '20', 'Size/Area': '200'}, {'Height': '\xa0', 'Bushels': ' \xa0', 'Circumference': ' \xa0'}, {}, {}, {'Type': 'Residential', 'Description': 'RRS1 - Shed, Frame'}, {'Quantity': '1', 'Year Built': '2000', 'Grade': 'A'}, {'Condition': '', 'Functional': '', 'Class Code': '3301'}, {}, {'Width/Diameter': '10', 'Length': '12', 'Size/Area': '120'}, {'Height': '\xa0', 'Bushels': ' \xa0', 'Circumference': ' \xa0'}, {}, {}, {'Type': 'Residential', 'Description': 'RPA2 - Concrete'}, {'Quantity': '1', 'Year Built': '2005', 'Grade': 'A'}, {'Condition': '', 'Functional': '', 'Class Code': '3301'}, {}, {'Width/Diameter': '24', 'Length': '28', 'Size/Area': ' \xa0'}, {'Height': '\xa0', 'Bushels': ' \xa0', 'Circumference': ' \xa0'}, {}, {}, {'Type': 'Residential', 'Description': 'RRG3 - Garage, frame, detached, unfinished'}, {'Quantity': '1', 'Year Built': '1997', 'Grade': '5'}, {'Condition': '', 'Functional': '', 'Class Code': '3301'}, {}, {'Width/Diameter': '24', 'Length': '28', 'Size/Area': '672'}, {'Height': '\xa0', 'Bushels': ' \xa0', 'Circumference': ' \xa0'}, {}, {}, {'Type': 'Residential', 'Description': 'RRG3 - Garage, frame, detached, unfinished'}, {'Quantity': '1', 'Year Built': '2005', 'Grade': '4'}, {'Condition': '', 'Functional': '', 'Class Code': '3301'}, {}, {'Width/Diameter': '11', 'Length': '21', 'Size/Area': '231'}, {'Height': '\xa0', 'Bushels': ' \xa0', 'Circumference': ' \xa0'}]","[{'Method': 'Acre', 'Type': 'Primary Site'}, {'Width': ' \xa0 ', 'Depth': ' \xa0 '}, {'Square Feet': '00', 'Acres': '5.01'}, {}, {'Class Code': '2101', 'Value': '94135'}]"
03-1134-17-2-80-01-0000,"BLUEGRASS SUBD 2ND FILING, S17, T02 N, R27 E, BLOCK 1, Lot 2, 5.590 AC (96)",5.590,10/6/2023 1:55:41 AM,,Residential Property,BLUEGRASS SUBD 2ND FILING,"[{'': '7132 MOLLY DR W', 'Ownership %:': '100', 'Primary Owner:': '""Yes""', 'Interest Type:': 'Fee Simple', 'Last Modified:': '4/11/2023 3:39:24 PM'}]",97922,368378,85300,[],"[{'Type': 'Residential', 'Description': 'AAB2 - Standard Barn'}, {'Quantity': '1', 'Year Built': '1998', 'Grade': 'L'}, {'Condition': '', 'Functional': '', 'Class Code': '3301'}, {}, {'Width/Diameter': '24', 'Length': '52', 'Size/Area': '1248'}, {'Height': '\xa0', 'Bushels': ' \xa0', 'Circumference': ' \xa0'}, {}, {}, {'Type': 'Residential', 'Description': 'RPA2 - Concrete'}, {'Quantity': '1', 'Year Built': '2004', 'Grade': 'A'}, {'Condition': '', 'Functional': '', 'Class Code': '3301'}, {}, {'Width/Diameter': '\xa0', 'Length': ' \xa0', 'Size/Area': '464'}, {'Height': '\xa0', 'Bushels': ' \xa0', 'Circumference': ' \xa0'}, {}, {}, {'Type': 'Residential', 'Description': 'RPA2 - Concrete'}, {'Quantity': '1', 'Year Built': '1996', 'Grade': 'A'}, {'Condition': '', 'Functional': '', 'Class Code': '3301'}, {}, {'Width/Diameter': '8', 'Length': '12', 'Size/Area': ' \xa0'}, {'Height': '\xa0', 'Bushels': ' \xa0', 'Circumference': ' \xa0'}, {}, {}, {'Type': 'Residential', 'Description': 'RRS1 - Shed, Frame'}, {'Quantity': '1', 'Year Built': '2000', 'Grade': 'A'}, {'Condition': '', 'Functional': '', 'Class Code': '3301'}, {}, {'Width/Diameter': '6', 'Length': '8', 'Size/Area': ' \xa0'}, {'Height': '\xa0', 'Bushels': ' \xa0', 'Circumference': ' \xa0'}, {}, {}, {'Type': 'Residential', 'Description': 'RRG3 - Garage, frame, detached, unfinished'}, {'Quantity': '1', 'Year Built': '2003', 'Grade': '5'}, {'Condition': '', 'Functional': '', 'Class Code': '3301'}, {}, {'Width/Diameter': '24', 'Length': '31', 'Size/Area': '744'}, {'Height': '\xa0', 'Bushels': ' \xa0', 'Circumference': ' \xa0'}, {}, {}, {'Type': 'Residential', 'Description': 'RPA2 - Concrete'}, {'Quantity': '1', 'Year Built': '1996', 'Grade': 'A'}, {'Condition': '', 'Functional': '', 'Class Code': '3301'}, {}, {'Width/Diameter': '\xa0', 'Length': ' \xa0', 'Size/Area': '380'}, {'Height': '\xa0', 'Bushels': ' \xa0', 'Circumference': ' \xa0'}, {}, {}, {'Type': 'Residential', 'Description': 'RPA2 - Concrete'}, {'Quantity': '1', 'Year Built': '1996', 'Grade': 'A'}, {'Condition': '', 'Functional': '', 'Class Code': '3301'}, {}, {'Width/Diameter': '22', 'Length': '22', 'Size/Area': ' \xa0'}, {'Height': '\xa0', 'Bushels': ' \xa0', 'Circumference': ' \xa0'}, {}, {}, {'Type': 'Residential', 'Description': 'RRS2 - Shed, residential, metal'}, {'Quantity': '1', 'Year Built': '2000', 'Grade': 'A'}, {'Condition': '', 'Functional': '', 'Class Code': '3301'}, {}, {'Width/Diameter': '10', 'Length': '12', 'Size/Area': '120'}, {'Height': '\xa0', 'Bushels': ' \xa0', 'Circumference': ' \xa0'}]","[{'Method': 'Acre', 'Type': 'Primary Site'}, {'Width': ' \xa0 ', 'Depth': ' \xa0 '}, {'Square Feet': '00', 'Acres': '5.59'}, {}, {'Class Code': '2101', 'Value': '97922'}]"
